-- phpMyAdmin SQL Dump
-- version 5.2.0
-- https://www.phpmyadmin.net/
--
-- Host: 127.0.0.1
-- Generation Time: Nov 14, 2024 at 09:26 AM
-- Server version: 10.4.27-MariaDB
-- PHP Version: 8.2.0

SET SQL_MODE = "NO_AUTO_VALUE_ON_ZERO";
SET AUTOCOMMIT = 0;
START TRANSACTION;
SET time_zone = "+00:00";


/*!40101 SET @OLD_CHARACTER_SET_CLIENT=@@CHARACTER_SET_CLIENT */;
/*!40101 SET @OLD_CHARACTER_SET_RESULTS=@@CHARACTER_SET_RESULTS */;
/*!40101 SET @OLD_COLLATION_CONNECTION=@@COLLATION_CONNECTION */;
/*!40101 SET NAMES utf8mb4 */;

--
-- Database: `lms`
--

-- --------------------------------------------------------

--
-- Table structure for table `apply_loan`
--

CREATE TABLE `apply_loan` (
  `apply_loan_id` int(11) NOT NULL,
  `account_no` varchar(10) NOT NULL,
  `customer_code` varchar(7) NOT NULL,
  `date_created` date NOT NULL,
  `p_firstname` varchar(55) NOT NULL,
  `p_middlename` varchar(55) NOT NULL,
  `p_lastname` varchar(55) NOT NULL,
  `p_birthdate` date NOT NULL,
  `p_civil_status` varchar(55) NOT NULL,
  `sex` varchar(55) NOT NULL,
  `contact_no_pensioner` varchar(12) NOT NULL,
  `p_street_no` varchar(155) NOT NULL,
  `p_barangay` varchar(155) NOT NULL,
  `p_municipality` varchar(155) NOT NULL,
  `p_province` varchar(155) NOT NULL,
  `zipcode` int(6) NOT NULL,
  `spouse_name` varchar(155) NOT NULL,
  `spouse_bday` date NOT NULL,
  `spouse_death` date NOT NULL,
  `c_firstname` varchar(55) NOT NULL,
  `c_middlename` varchar(55) NOT NULL,
  `c_lastname` varchar(55) NOT NULL,
  `c_birthdate` date NOT NULL,
  `c_civil_status` varchar(55) NOT NULL,
  `occupation` varchar(155) NOT NULL,
  `contact_no_comaker` varchar(12) NOT NULL,
  `relationship` varchar(50) NOT NULL,
  `c_street_no` varchar(155) NOT NULL,
  `c_barangay` varchar(155) NOT NULL,
  `c_municipality` varchar(155) NOT NULL,
  `c_province` varchar(155) NOT NULL,
  `d_firstname` varchar(55) NOT NULL,
  `d_middlename` varchar(55) NOT NULL,
  `d_lastname` varchar(55) NOT NULL,
  `d_birthdate` date NOT NULL,
  `remarks` text NOT NULL,
  `bank_name` varchar(255) NOT NULL,
  `bank_branch` varchar(255) NOT NULL,
  `loan_type` varchar(20) NOT NULL,
  `card_no` varchar(16) NOT NULL,
  `savings_account_no` varchar(16) NOT NULL,
  `claim_type` varchar(100) NOT NULL,
  `withdrawal_date` date NOT NULL,
  `sss_sp` int(2) NOT NULL,
  `application_status` varchar(50) NOT NULL,
  `purpose` text NOT NULL,
  `loan_amount` decimal(8,2) NOT NULL,
  `monthly_pension` decimal(7,2) NOT NULL,
  `monthly_amortization` decimal(7,2) NOT NULL,
  `months_to_pay` decimal(4,2) NOT NULL,
  `net_cashout` decimal(8,2) NOT NULL,
  `total_amount` decimal(8,2) NOT NULL,
  `voucher_no` int(16) NOT NULL,
  `payment_schedule` varchar(100) NOT NULL,
  `sukli` decimal(7,2) NOT NULL,
  `status` varchar(55) NOT NULL
) ENGINE=InnoDB DEFAULT CHARSET=utf8mb4 COLLATE=utf8mb4_general_ci;

--
-- Dumping data for table `apply_loan`
--

INSERT INTO `apply_loan` (`apply_loan_id`, `account_no`, `customer_code`, `date_created`, `p_firstname`, `p_middlename`, `p_lastname`, `p_birthdate`, `p_civil_status`, `sex`, `contact_no_pensioner`, `p_street_no`, `p_barangay`, `p_municipality`, `p_province`, `zipcode`, `spouse_name`, `spouse_bday`, `spouse_death`, `c_firstname`, `c_middlename`, `c_lastname`, `c_birthdate`, `c_civil_status`, `occupation`, `contact_no_comaker`, `relationship`, `c_street_no`, `c_barangay`, `c_municipality`, `c_province`, `d_firstname`, `d_middlename`, `d_lastname`, `d_birthdate`, `remarks`, `bank_name`, `bank_branch`, `loan_type`, `card_no`, `savings_account_no`, `claim_type`, `withdrawal_date`, `sss_sp`, `application_status`, `purpose`, `loan_amount`, `monthly_pension`, `monthly_amortization`, `months_to_pay`, `net_cashout`, `total_amount`, `voucher_no`, `payment_schedule`, `sukli`, `status`) VALUES
(17, '550-00015', 'GONZMAR', '2024-11-12', 'Mark', 'Edrian ', 'Gonzalgo', '2002-07-11', 'single', 'Male', '0987546923', '213', 'Ibabang Iyam', 'Lucena City', 'Quezon', 4301, 'None', '2002-05-21', '2024-09-07', 'Deriel', 'Edzel', 'Quisao', '2002-05-05', 'Married', 'Yehey', '09843572342', 'Brother', '643', 'Ibabang Iyam', 'Lucena City', 'Quezon', '', '', '', '0000-00-00', '', 'PAYMAYA', 'Secret', 'gsis', 'undefined', '4837893285754', 'pvao', '2024-11-12', 6, 'new', '', '40000.00', '2500.00', '2000.00', '24.00', '39800.00', '-3000.00', 12, 'monthly', '500.00', 'Released');

-- --------------------------------------------------------

--
-- Table structure for table `apply_loan_archive`
--

CREATE TABLE `apply_loan_archive` (
  `apply_loan_id` int(11) NOT NULL,
  `account_no` varchar(10) NOT NULL,
  `customer_code` varchar(7) NOT NULL,
  `date_created` datetime NOT NULL,
  `p_firstname` varchar(55) NOT NULL,
  `p_middlename` varchar(55) NOT NULL,
  `p_lastname` varchar(55) NOT NULL,
  `p_birthdate` date NOT NULL,
  `p_civil_status` varchar(55) NOT NULL,
  `sex` varchar(55) NOT NULL,
  `contact_no_pensioner` varchar(12) NOT NULL,
  `p_street_no` varchar(155) NOT NULL,
  `p_barangay` varchar(155) NOT NULL,
  `p_municipality` varchar(155) NOT NULL,
  `p_province` varchar(155) NOT NULL,
  `zipcode` int(6) NOT NULL,
  `spouse_name` varchar(155) NOT NULL,
  `spouse_bday` date NOT NULL,
  `spouse_death` date NOT NULL,
  `c_firstname` varchar(55) NOT NULL,
  `c_middlename` varchar(55) NOT NULL,
  `c_lastname` varchar(55) NOT NULL,
  `c_birthdate` date NOT NULL,
  `c_civil_status` varchar(55) NOT NULL,
  `occupation` varchar(155) NOT NULL,
  `contact_no_comaker` varchar(12) NOT NULL,
  `relationship` varchar(50) NOT NULL,
  `c_street_no` varchar(155) NOT NULL,
  `c_barangay` varchar(155) NOT NULL,
  `c_municipality` varchar(155) NOT NULL,
  `c_province` varchar(155) NOT NULL,
  `d_firstname` varchar(55) NOT NULL,
  `d_middlename` varchar(55) NOT NULL,
  `d_lastname` varchar(55) NOT NULL,
  `d_birthdate` date NOT NULL,
  `remarks` text NOT NULL,
  `bank_name` varchar(255) NOT NULL,
  `bank_branch` varchar(255) NOT NULL,
  `loan_type` varchar(20) NOT NULL,
  `card_no` int(16) NOT NULL,
  `savings_account_no` int(16) NOT NULL,
  `claim_type` varchar(100) NOT NULL,
  `withdrawal_date` timestamp NOT NULL DEFAULT current_timestamp() ON UPDATE current_timestamp(),
  `sss_sp` int(2) NOT NULL,
  `application_status` varchar(50) NOT NULL,
  `purpose` text NOT NULL,
  `loan_amount` decimal(8,2) NOT NULL,
  `monthly_pension` decimal(7,2) NOT NULL,
  `monthly_amortization` decimal(7,2) NOT NULL,
  `months_to_pay` decimal(4,2) NOT NULL,
  `net_cashout` decimal(8,2) NOT NULL,
  `total_amount` decimal(8,2) NOT NULL,
  `voucher_no` int(16) NOT NULL,
  `payment_schedule` varchar(100) NOT NULL,
  `sukli` decimal(7,2) NOT NULL,
  `status` varchar(55) NOT NULL
) ENGINE=InnoDB DEFAULT CHARSET=utf8mb4 COLLATE=utf8mb4_general_ci;

--
-- Dumping data for table `apply_loan_archive`
--

INSERT INTO `apply_loan_archive` (`apply_loan_id`, `account_no`, `customer_code`, `date_created`, `p_firstname`, `p_middlename`, `p_lastname`, `p_birthdate`, `p_civil_status`, `sex`, `contact_no_pensioner`, `p_street_no`, `p_barangay`, `p_municipality`, `p_province`, `zipcode`, `spouse_name`, `spouse_bday`, `spouse_death`, `c_firstname`, `c_middlename`, `c_lastname`, `c_birthdate`, `c_civil_status`, `occupation`, `contact_no_comaker`, `relationship`, `c_street_no`, `c_barangay`, `c_municipality`, `c_province`, `d_firstname`, `d_middlename`, `d_lastname`, `d_birthdate`, `remarks`, `bank_name`, `bank_branch`, `loan_type`, `card_no`, `savings_account_no`, `claim_type`, `withdrawal_date`, `sss_sp`, `application_status`, `purpose`, `loan_amount`, `monthly_pension`, `monthly_amortization`, `months_to_pay`, `net_cashout`, `total_amount`, `voucher_no`, `payment_schedule`, `sukli`, `status`) VALUES
(3, '550-00002', 'CLEMRAF', '2024-11-02 00:00:00', 'Rafraf', 'No', 'Clemente', '2002-02-21', 'Single', 'Male', '09571238512', 'Yehey ', 'Cawayan', 'Gumaca', 'Quezon', 4301, 'None', '2002-03-12', '2021-05-12', 'John Marlon', 'Villaruel', 'Montera', '2002-09-07', 'Single', 'Artista', '09478921344', 'Oppa', '339', 'Ilayang Iyam', 'Lucena City', 'Quezon', '', '', '', '0000-00-00', '', 'BDO', 'Granja St. Lucena City', 'sss', 2147483647, 2147483647, 'sss', '2024-11-08 16:00:00', 3, 'new', '', '30000.00', '2500.00', '2000.00', '18.00', '29800.00', '0.00', 312, 'monthly', '500.00', ''),
(5, '550-00003', 'CLEMRAF', '2024-11-02 00:00:00', 'Rafael', 'Yes', 'Clemente', '2002-05-22', 'Single', 'Male', '09471259231', 'Happy Family', 'Domoit', 'Lucena City', 'Quezon', 4301, 'None', '2002-09-22', '2021-05-22', 'John Marlon', 'Villaruel', 'Montera', '2002-09-07', 'Single', 'Artista', '09478921344', 'Oppa', '339', 'Ilayang Iyam', 'Lucena City', 'Quezon', '', '', '', '0000-00-00', '', 'BDO', 'Granja St. Lucena City', 'sss', 2147483647, 2147483647, 'sss', '2024-11-07 16:00:00', 2, 'new', '', '80000.00', '4000.00', '3500.00', '27.43', '79800.00', '0.00', 231, 'monthly', '500.00', ''),
(16, '550-00014', 'QUISDER', '2024-11-10 00:00:00', 'Deriel', 'Edzel', 'Quisao', '2002-05-18', 'single', 'Male', '09421234312', '831', 'Ibabang Iyam', 'Lucena City', 'Quezon', 4301, 'None', '2002-02-15', '2024-02-04', 'Deriel', 'Edzel', 'Quisao', '2002-05-19', 'Single', 'Yehey', '09843572342', 'Brother', '643', 'Ilayang Iyam', 'Lucena City', 'Quezon', '', '', '', '0000-00-00', '', 'BPI', 'Granja St. Lucena City', 'sss', 2147483647, 2147483647, 'pvao', '2024-11-09 16:00:00', 4, 'new', '', '40000.00', '3000.00', '2000.00', '24.00', '39800.00', '46000.00', 32, 'monthly', '1000.00', 'Due'),
(18, '550-00016', 'MONTJOH', '2024-11-13 00:00:00', 'John Marlon', 'Villaruel', 'Montera', '2002-09-07', 'single', 'Male', '09765347892', '482', 'Ilayang Iyam', 'Lucena City', 'Quezon', 4301, 'Jenny', '2001-05-12', '2021-06-17', 'Christian', 'Jake', 'Ocampo', '2002-06-18', 'Single', 'Police', '09875624623', 'Friend', '911', 'Barangay 2', 'Lucena City', 'Quezon', '', '', '', '0000-00-00', '', 'BPI', 'Granja St. Lucena City', 'sss', 2147483647, 2147483647, 'sss', '2024-11-12 16:00:00', 4, 'new', '', '50000.00', '3500.00', '3000.00', '20.00', '49800.00', '57000.00', 0, 'monthly', '500.00', 'Due');

-- --------------------------------------------------------

--
-- Table structure for table `barangays`
--

CREATE TABLE `barangays` (
  `barangay_id` int(11) NOT NULL,
  `barangay_name` varchar(100) DEFAULT NULL,
  `city_id` int(11) DEFAULT NULL,
  `latitude` decimal(10,8) DEFAULT NULL,
  `longitude` decimal(11,8) DEFAULT NULL
) ENGINE=InnoDB DEFAULT CHARSET=utf8mb4 COLLATE=utf8mb4_general_ci;

--
-- Dumping data for table `barangays`
--

INSERT INTO `barangays` (`barangay_id`, `barangay_name`, `city_id`, `latitude`, `longitude`) VALUES
(1, 'Binagbag', 1, '13.85954000', '121.93944000'),
(2, 'Dayap', 1, '13.91025100', '121.93599500'),
(3, 'Ibabang Kinagunan', 1, '13.87933000', '121.90953000'),
(4, 'Ilayang Kinagunan', 1, '13.89795700', '121.91390500'),
(5, 'Kanlurang Calutan', 1, '13.86875000', '121.89280000'),
(6, 'Kanlurang Maligaya', 1, '13.88791000', '121.92352000'),
(7, 'Poblacion I', 1, '13.87420000', '121.91376000'),
(8, 'Poblacion II', 1, '13.87654000', '121.91554000'),
(9, 'Salvacion', 1, '13.85800000', '121.92687000'),
(10, 'Silangang Calutan', 1, '13.86175000', '121.90988000'),
(11, 'Silangang Maligaya', 1, '13.88175000', '121.93082000'),
(12, 'Sildora', 1, '13.86650000', '121.92558000'),
(13, 'Angeles', 2, '14.12209000', '121.98884000'),
(14, 'Bacong', 2, '14.11901000', '122.01253000'),
(15, 'Balungay', 2, '14.09462000', '122.04360000'),
(16, 'Barangay 1', 2, '14.10256800', '122.01431600'),
(17, 'Barangay 2', 2, '14.10270300', '122.01235800'),
(18, 'Barangay 3', 2, '14.10349900', '122.00965400'),
(19, 'Barangay 4', 2, '14.09967000', '122.01362400'),
(20, 'Barangay 5', 2, '14.09948800', '122.01170300'),
(21, 'Buenavista', 2, '14.06598000', '122.08076000'),
(22, 'Caglate', 2, '14.13663810', '121.99916120'),
(23, 'Camagong', 2, '14.13757000', '122.02206000'),
(24, 'Gordon', 2, '14.07254100', '122.05753300'),
(25, 'Pambilan Norte', 2, '14.08378700', '122.05503900'),
(26, 'Pambilan Sur', 2, '14.07721600', '122.05631300'),
(27, 'Villa Esperanza', 2, '14.10218800', '122.05826400'),
(28, 'Villa Jesus Este', 2, '14.09923800', '122.03953800'),
(29, 'Villa Jesus Weste', 2, '14.10758700', '122.03497800'),
(30, 'Villa Norte', 2, '14.13356900', '122.04103700'),
(31, 'Villa Victoria', 2, '14.12018700', '122.02938000'),
(32, 'Angeles', 3, '13.98411400', '121.94422800'),
(33, 'Balubad', 3, '13.97762200', '121.95492500'),
(34, 'Balugohin', 3, '13.99191600', '121.91776400'),
(35, 'Barangay Zone 1', 3, '13.99519100', '121.93428200'),
(36, 'Barangay Zone 2', 3, '13.99974300', '121.92297500'),
(37, 'Barangay Zone 3', 3, '13.99355100', '121.92956400'),
(38, 'Barangay Zone 4', 3, '14.00422000', '121.92057000'),
(39, 'Buhangin', 3, '13.97227000', '121.96534900'),
(40, 'Caridad Ibaba', 3, '14.01282000', '121.90254000'),
(41, 'Caridad Ilaya', 3, '14.02641000', '121.89258000'),
(42, 'Habingan', 3, '13.96711110', '121.96409660'),
(43, 'Inaclagan', 3, '13.96747230', '121.91414370'),
(44, 'Inalig', 3, '13.93404970', '122.00138960'),
(45, 'Kilait', 3, '13.96914000', '121.95185000'),
(46, 'Kulawit', 3, '13.95355980', '121.97779070'),
(47, 'Lakip', 3, '13.94632230', '121.98591740'),
(48, 'Lubi', 3, '13.96467320', '121.94415330'),
(49, 'Lumutan', 3, '13.97818880', '121.97392200'),
(50, 'Magsaysay', 3, '14.00393410', '121.91633230'),
(51, 'Malinao Ibaba', 3, '13.99793960', '121.85806000'),
(52, 'Malinao Ilaya', 3, '13.99493950', '121.83678570'),
(53, 'Malusak', 3, '13.95801410', '121.97096210'),
(54, 'Manggalayan Bundok', 3, '13.93476750', '121.91539050'),
(55, 'Manggalayan Labak', 3, '13.96851380', '121.92411170'),
(56, 'Matanag', 3, '13.90773090', '122.02231940'),
(57, 'Montes Balaon', 3, '13.94919370', '121.88115300'),
(58, 'Montes Kallagan', 3, '13.93729510', '121.87947260'),
(59, 'Ponon', 3, '13.93680120', '121.99077230'),
(60, 'Rizal', 3, '14.00506590', '121.86745540'),
(61, 'San Andres Bundok', 3, '13.95489000', '121.86524000'),
(62, 'San Andres Labak', 3, '13.96871060', '121.88448770'),
(63, 'San Isidro', 3, '13.98977500', '121.89758240'),
(64, 'San Jose Balatok', 3, '13.92657000', '121.93811000'),
(65, 'San Rafael', 3, '13.92117980', '121.99643570'),
(66, 'Santa Catalina', 3, '14.01542100', '121.81689980'),
(67, 'Sapaan', 3, '13.97900730', '121.88859080'),
(68, 'Sokol', 3, '13.98855540', '121.91584800'),
(69, 'Tagbakin', 3, '13.99581530', '121.91210470'),
(70, 'Talaba', 3, '13.97891580', '121.96174010'),
(71, 'Tinandog', 3, '14.00224420', '121.89543490'),
(72, 'Villa Ibaba', 3, '14.05790580', '121.85972120'),
(73, 'Villa Ilaya', 3, '14.06715010', '121.84636110'),
(74, 'Bagong Silang', 4, '13.77633700', '122.44542900'),
(75, 'Batabat Norte', 4, '13.79685800', '122.41551500'),
(76, 'Batabat Sur', 4, '13.78039500', '122.42105600'),
(77, 'Buenavista', 4, '13.74343330', '122.45908130'),
(78, 'Bukal', 4, '13.70010450', '122.47226000'),
(79, 'Bulo', 4, '13.76174500', '122.46061600'),
(80, 'Cabong', 4, '13.76326800', '122.48876400'),
(81, 'Cadlit', 4, '13.75028600', '122.48563100'),
(82, 'Catulin', 4, '13.74144300', '122.44531200'),
(83, 'Cawa', 4, '13.75669900', '122.51041100'),
(84, 'De La Paz', 4, '13.77821100', '122.40450800'),
(85, 'Del Rosario', 4, '13.75945700', '122.40486500'),
(86, 'Hagonghong', 4, '13.67368000', '122.47224000'),
(87, 'Ibabang Wasay', 4, '13.73160200', '122.47535600'),
(88, 'Ilayang Wasay', 4, '13.73235200', '122.44909200'),
(89, 'Lilukin', 4, '13.75344800', '122.44380100'),
(90, 'Mabini', 4, '13.77222600', '122.39552900'),
(91, 'Mabutag', 4, '13.74180000', '122.51541000'),
(92, 'Magallanes', 4, '13.80663680', '122.41299440'),
(93, 'Maligaya', 4, '13.70773200', '122.39299500'),
(94, 'Manlana', 4, '13.74697300', '122.50408600'),
(95, 'Masaya', 4, '13.67893000', '122.40160000'),
(96, 'Poblacion', 4, '13.74417100', '122.46306600'),
(97, 'Rizal', 4, '13.71005900', '122.42667900'),
(98, 'Sabang Pinamasagan', 4, '13.71864700', '122.47222800'),
(99, 'Sabang Piris', 4, '13.73775500', '122.48792100'),
(100, 'San Diego', 4, '13.71911900', '122.43770700'),
(101, 'San Isidro Ibaba', 4, '13.74590900', '122.43077200'),
(102, 'San Isidro Ilaya', 4, '13.73244300', '122.41902700'),
(103, 'San Pablo', 4, '13.76722100', '122.42515600'),
(104, 'San Pedro', 4, '13.76535360', '122.38334210'),
(105, 'San Vicente', 4, '13.77549100', '122.46610800'),
(106, 'Siain', 4, '13.70991000', '122.45012000'),
(107, 'Villa Aurora', 4, '13.69903000', '122.41482000'),
(108, 'Villa Batabat', 4, '13.78897900', '122.44049000'),
(109, 'Villa Magsaysay', 4, '13.74065000', '122.39559900'),
(110, 'Villa Veronica', 4, '13.72336600', '122.37634800'),
(111, 'Aluyon', 5, '14.88310000', '121.96640000'),
(112, 'Amot', 5, '14.86650000', '121.96300000'),
(113, 'Anibawan', 5, '14.96137000', '121.97588000'),
(114, 'Bonifacio', 5, '15.02770000', '121.98601000'),
(115, 'Cabugao', 5, '14.81173000', '122.00163000'),
(116, 'Cabungalunan', 5, '14.94840000', '122.00320000'),
(117, 'Calutcot', 5, '14.90200000', '122.14670000'),
(118, 'Caniwan', 5, '14.79131000', '122.00901000'),
(119, 'Carlagan', 5, '14.99590000', '122.03610000'),
(120, 'Mabini', 5, '15.01667000', '122.01339000'),
(121, 'Palasan', 5, '14.85750000', '122.03750000'),
(122, 'Poblacion', 5, '14.84525000', '121.97043000'),
(123, 'San Rafael', 5, '14.82301000', '121.99287000'),
(124, 'Agoho', 6, '13.99251300', '122.18754400'),
(125, 'Anahawan', 6, '13.93090000', '122.37740000'),
(126, 'Anas', 6, '14.13458000', '122.20951000'),
(127, 'Apad Lutao', 6, '14.04167000', '122.32264000'),
(128, 'Apad Quezon', 6, '14.05503200', '122.33160400'),
(129, 'Apad Taisan', 6, '14.03077300', '122.32652100'),
(130, 'Atulayan', 6, '14.07373000', '122.23616000'),
(131, 'Baclaran', 6, '13.95836800', '122.29275400'),
(132, 'Bagong Silang', 6, '13.99880100', '122.33471800'),
(133, 'Balibago', 6, '13.97664200', '122.21880000'),
(134, 'Bangkuruhan', 6, '13.97738900', '122.31324100'),
(135, 'Bantolinao', 6, '14.06769000', '122.28215800'),
(136, 'Barangay I', 6, '13.95802800', '122.28444800'),
(137, 'Barangay II', 6, '13.95629700', '122.28723700'),
(138, 'Barangay III', 6, '13.95721600', '122.28950000'),
(139, 'Barangay IV', 6, '13.95710300', '122.28873000'),
(140, 'Barangay V', 6, '13.95622700', '122.29365300'),
(141, 'Bigaan', 6, '13.95047300', '122.27018000'),
(142, 'Binutas', 6, '13.92515000', '122.28723000'),
(143, 'Biyan', 6, '13.95527100', '122.30409600'),
(144, 'Bukal', 6, '14.09184900', '122.27634600'),
(145, 'Buli', 6, '14.15738000', '122.20264000'),
(146, 'Dapdap', 6, '14.23161000', '122.26135000'),
(147, 'Dominlog', 6, '13.96985300', '122.23509200'),
(148, 'Doña Aurora', 6, '14.05404000', '122.35868000'),
(149, 'Guinosayan', 6, '14.03955600', '122.29351100'),
(150, 'Ipil', 6, '14.04833700', '122.28686100'),
(151, 'Kalibo', 6, '13.92292100', '122.30248100'),
(152, 'Kapaluhan', 6, '14.11514400', '122.29019400'),
(153, 'Katangtang', 6, '14.03180300', '122.34741200'),
(154, 'Kigtan', 6, '13.93764500', '122.31608500'),
(155, 'Kinalin Ibaba', 6, '13.94424600', '122.26263500'),
(156, 'Kinalin Ilaya', 6, '13.93922000', '122.27406600'),
(157, 'Kinamaligan', 6, '14.06482000', '122.26067000'),
(158, 'Kumaludkud', 6, '13.95913800', '122.25285300'),
(159, 'Kunalum', 6, '14.10961000', '122.21037000'),
(160, 'Kuyaoyao', 6, '14.02321300', '122.29968500'),
(161, 'Lagay', 6, '14.09221000', '122.21243000'),
(162, 'Lainglaingan', 6, '14.15705000', '122.25543000'),
(163, 'Lungib', 6, '14.00395000', '122.32186000'),
(164, 'Mabini', 6, '13.94979900', '122.33475400'),
(165, 'Madlangdungan', 6, '14.01861000', '122.33500000'),
(166, 'Maglipad', 6, '13.92669700', '122.33080900'),
(167, 'Maligaya', 6, '14.13999900', '122.25853000'),
(168, 'Mambaling', 6, '13.92457000', '122.35027000'),
(169, 'Manhulugin', 6, '13.96516600', '122.25822000'),
(170, 'Marilag', 6, '13.93445500', '122.28190300'),
(171, 'Mulay', 6, '13.99244700', '122.30772100'),
(172, 'Pandanan', 6, '13.91728000', '122.30289000'),
(173, 'Pansol', 6, '13.96100900', '122.34705000'),
(174, 'Patihan', 6, '13.94889600', '122.28100200'),
(175, 'Pinagbayanan', 6, '13.95777600', '122.29535600'),
(176, 'Pinagkamaligan', 6, '13.95600000', '122.28481000'),
(177, 'Pinagsakahan', 6, '14.05404800', '122.27280700'),
(178, 'Pinagtalleran', 6, '13.95838400', '122.29398000'),
(179, 'Rizal Ibaba', 6, '13.94333000', '122.33942000'),
(180, 'Rizal Ilaya', 6, '13.95068300', '122.35443300'),
(181, 'Sabang I', 6, '13.95979000', '122.27479000'),
(182, 'Sabang II', 6, '13.95772000', '122.28009000'),
(183, 'Salvacion', 6, '13.91125900', '122.35234500'),
(184, 'San Quintin', 6, '14.05505100', '122.30199200'),
(185, 'San Roque Ibaba', 6, '13.93504000', '122.35392600'),
(186, 'San Roque Ilaya', 6, '13.94377000', '122.36407100'),
(187, 'Santa Cecilia', 6, '14.11425900', '122.20574900'),
(188, 'Santa Maria', 6, '13.95260200', '122.29033300'),
(189, 'Santa Milagrosa', 6, '13.97190600', '122.34137700'),
(190, 'Santa Rosa', 6, '13.91291000', '122.31989000'),
(191, 'Santo Angel', 6, '14.15747000', '122.16582000'),
(192, 'Santo Domingo', 6, '13.98671000', '122.32899000'),
(193, 'Sinag', 6, '14.21388000', '122.26723000'),
(194, 'Sumilang', 6, '13.94690000', '122.32036000'),
(195, 'Sumulong', 6, '13.95785000', '122.32950000'),
(196, 'Tabansak', 6, '14.09421000', '122.28856000'),
(197, 'Talingting', 6, '14.12093000', '122.25981000'),
(198, 'Tamis', 6, '14.19092000', '122.25835000'),
(199, 'Tikiwan', 6, '13.94362700', '122.33139200'),
(200, 'Tiniguiban', 6, '14.16271000', '122.23354000'),
(201, 'Villa Magsino', 6, '14.12770400', '122.19357300'),
(202, 'Villa San Isidro', 6, '14.17203000', '122.21483000'),
(203, 'Viñas', 6, '14.03851000', '122.34126000'),
(204, 'Yaganak', 6, '13.92315000', '122.36285000'),
(205, 'Buenavista East', 7, '13.91395000', '121.39133000'),
(206, 'Buenavista West', 7, '13.92082000', '121.38343000'),
(207, 'Bukal Norte', 7, '13.96705000', '121.41618000'),
(208, 'Bukal Sur', 7, '13.93807000', '121.38785000'),
(209, 'Kinatihan I', 7, '13.89249000', '121.39584000'),
(210, 'Kinatihan II', 7, '13.88075000', '121.39644000'),
(211, 'Malabanban Norte', 7, '13.93044000', '121.43579000'),
(212, 'Malabanban Sur', 7, '13.91732000', '121.43326000'),
(213, 'Mangilag Norte', 7, '13.95014000', '121.45103000'),
(214, 'Mangilag Sur', 7, '13.93178000', '121.45085000'),
(215, 'Masalukot I', 7, '13.94136000', '121.43025000'),
(216, 'Masalukot II', 7, '13.95048000', '121.42549000'),
(217, 'Masalukot III', 7, '14.00108000', '121.44274000'),
(218, 'Masalukot IV', 7, '14.00412000', '121.44939000'),
(219, 'Masalukot V', 7, '14.00928000', '121.46978000'),
(220, 'Masin Norte', 7, '13.93073000', '121.40300000'),
(221, 'Masin Sur', 7, '13.92465400', '121.40746500'),
(222, 'Mayabobo', 7, '13.95314000', '121.43824000'),
(223, 'Pahinga Norte', 7, '13.91741000', '121.42201000'),
(224, 'Pahinga Sur', 7, '13.91016000', '121.41000000'),
(225, 'Poblacion', 7, '13.93063500', '121.42528000'),
(226, 'San Andres', 7, '13.90939000', '121.44377000'),
(227, 'San Isidro', 7, '13.85916000', '121.41738000'),
(228, 'Santa Catalina Norte', 7, '13.88591000', '121.41446000'),
(229, 'Santa Catalina Sur', 7, '13.87641000', '121.43060000'),
(230, 'Ajos', 8, '13.55795500', '122.35947400'),
(231, 'Anusan', 8, '13.66447600', '122.38204300'),
(232, 'Barangay 1', 8, '13.59382800', '122.31838400'),
(233, 'Barangay 2', 8, '13.59254400', '122.31941600'),
(234, 'Barangay 3', 8, '13.59493500', '122.32129000'),
(235, 'Barangay 4', 8, '13.59581000', '122.32249300'),
(236, 'Barangay 5', 8, '13.59193900', '122.32106600'),
(237, 'Barangay 6', 8, '13.59282700', '122.32227400'),
(238, 'Barangay 7', 8, '13.58921700', '122.32561600'),
(239, 'Barangay 8', 8, '13.59166800', '122.32592500'),
(240, 'Barangay 9', 8, '13.59497100', '122.32547900'),
(241, 'Barangay 10', 8, '13.60194400', '122.32234600'),
(242, 'Bolo', 8, '13.62347000', '122.26161000'),
(243, 'Bulagsong', 8, '13.63126000', '122.30792000'),
(244, 'Camandiison', 8, '13.58025800', '122.38028300'),
(245, 'Canculajao', 8, '13.62289100', '122.30033500'),
(246, 'Catumbo', 8, '13.61671000', '122.27526000'),
(247, 'Cawayanin Ibaba', 8, '13.61160700', '122.32841200'),
(248, 'Cawayanin Ilaya', 8, '13.62847900', '122.33040800'),
(249, 'Cutcutan', 8, '13.61516200', '122.25445100'),
(250, 'Dahican', 8, '13.61412000', '122.28496000'),
(251, 'Doongan Ibaba', 8, '13.66852700', '122.32511400'),
(252, 'Doongan Ilaya', 8, '13.68227000', '122.29972000'),
(253, 'Gatasan', 8, '13.60618900', '122.23949500'),
(254, 'Macpac', 8, '13.61029000', '122.22934000'),
(255, 'Madulao', 8, '13.57105600', '122.35905700'),
(256, 'Matandang Sabang Kanluran', 8, '13.58851000', '122.27869000'),
(257, 'Matandang Sabang Silangan', 8, '13.60586000', '122.29405000'),
(258, 'Milagrosa', 8, '13.70699500', '122.35976900'),
(259, 'Navitas', 8, '13.64682000', '122.31635000'),
(260, 'Pacabit', 8, '13.58691500', '122.34913900'),
(261, 'San Antonio Magkupa', 8, '13.66486600', '122.35752300'),
(262, 'San Antonio Pala', 8, '13.56597900', '122.34119600'),
(263, 'San Isidro', 8, '13.63263600', '122.23922200'),
(264, 'San Jose', 8, '13.65816000', '122.39997000'),
(265, 'San Pablo', 8, '13.71212000', '122.32603000'),
(266, 'San Roque', 8, '13.67906000', '122.35637000'),
(267, 'San Vicente Kanluran', 8, '13.67901000', '122.25225000'),
(268, 'San Vicente Silangan', 8, '13.68377000', '122.27225000'),
(269, 'Santa Maria', 8, '13.70353000', '122.28298000'),
(270, 'Tagabas Ibaba', 8, '13.62930000', '122.27526000'),
(271, 'Tagabas Ilaya', 8, '13.64932000', '122.26324000'),
(272, 'Tagbacan Ibaba', 8, '13.59990000', '122.33272000'),
(273, 'Tagbacan Ilaya', 8, '13.63314000', '122.34753000'),
(274, 'Tagbacan Silangan', 8, '13.62317000', '122.36873000'),
(275, 'Tuhian', 8, '13.62263000', '122.21560000'),
(276, 'Antonino', 9, '13.98188000', '121.39661000'),
(277, 'Bagong Anyo', 9, '14.01831000', '121.40217000'),
(278, 'Bayanihan', 9, '14.01680500', '121.40047100'),
(279, 'Bulakin I', 9, '14.01746000', '121.38532000'),
(280, 'Bulakin II', 9, '14.01355000', '121.39221000'),
(281, 'Bungoy', 9, '13.99562000', '121.36854000'),
(282, 'Cabatang', 9, '14.01453000', '121.42347000'),
(283, 'Dagatan', 9, '14.00786000', '121.37670000'),
(284, 'Kinabuhayan', 9, '14.04434000', '121.44545000'),
(285, 'Maligaya', 9, '14.01484000', '121.39996000'),
(286, 'Manggahan', 9, '14.00686000', '121.40021000'),
(287, 'Pinagdanlayan', 9, '14.02335000', '121.42888000'),
(288, 'Putol', 9, '14.01261000', '121.36365000'),
(289, 'San Mateo', 9, '13.99029000', '121.38742000'),
(290, 'Santa Lucia', 9, '14.03618000', '121.42811000'),
(291, 'Silanganan', 9, '14.01533800', '121.40368900'),
(292, 'Bacong Ibaba', 10, '13.65850000', '122.20093000'),
(293, 'Bacong Ilaya', 10, '13.64465000', '122.22187000'),
(294, 'Barangay 1', 10, '13.68640000', '122.17380000'),
(295, 'Barangay 2', 10, '13.68590000', '122.17260000'),
(296, 'Barangay 3', 10, '13.68710000', '122.17260000'),
(297, 'Barangay 4', 10, '13.68590000', '122.17120000'),
(298, 'Barangay 5', 10, '13.68670000', '122.17060000'),
(299, 'Barangay 6', 10, '13.68740000', '122.17150000'),
(300, 'Barangay 7', 10, '13.68850000', '122.17140000'),
(301, 'Barangay 8', 10, '13.68870000', '122.16970000'),
(302, 'Barangay 9', 10, '13.68700000', '122.16990000'),
(303, 'Lavides', 10, '13.71629000', '122.24796000'),
(304, 'Magsaysay', 10, '13.70245000', '122.26710000'),
(305, 'Malaya', 10, '13.72888000', '122.28521000'),
(306, 'Nieva', 10, '13.70512000', '122.24058000'),
(307, 'Recto', 10, '13.71729000', '122.25826000'),
(308, 'San Ignacio Ibaba', 10, '13.71187000', '122.18041000'),
(309, 'San Ignacio Ilaya', 10, '13.70437000', '122.19681000'),
(310, 'San Isidro Ibaba', 10, '13.67976000', '122.17870000'),
(311, 'San Isidro Ilaya', 10, '13.67393000', '122.22007000'),
(312, 'San Jose', 10, '13.69165000', '122.17361000'),
(313, 'San Nicolas', 10, '13.68844000', '122.20942000'),
(314, 'San Vicente', 10, '13.68243000', '122.19295000'),
(315, 'Santa Maria Ibaba', 10, '13.70687000', '122.16342000'),
(316, 'Santa Maria Ilaya', 10, '13.72346000', '122.17578000'),
(317, 'Sumilang', 10, '13.71771000', '122.22633000'),
(318, 'Villarica', 10, '13.68306000', '122.24479000'),
(319, 'Anoling', 11, '14.75961000', '121.62518000'),
(320, 'Banglos', 11, '14.77401200', '121.64569700'),
(321, 'Batangan', 11, '14.72674000', '121.60011000'),
(322, 'Canaway', 11, '15.00200000', '121.53059000'),
(323, 'Catablingan', 11, '14.78322000', '121.62809000'),
(324, 'Lumutan', 11, '14.74567000', '121.37764000'),
(325, 'Magsikap', 11, '14.81360000', '121.60584000'),
(326, 'Mahabang Lalim', 11, '14.77026000', '121.43357300'),
(327, 'Maigang', 11, '14.74745800', '121.56841100'),
(328, 'Maligaya', 11, '14.96469000', '121.56368000'),
(329, 'Minahan Norte', 11, '14.75515100', '121.58815900'),
(330, 'Minahan Sur', 11, '14.74712000', '121.60758000'),
(331, 'Pagsangahan', 11, '14.65808800', '121.46011000'),
(332, 'Pamplona', 11, '14.77417500', '121.63431000'),
(333, 'Pisa', 11, '14.71587000', '121.59651000'),
(334, 'Poblacion', 11, '14.76523700', '121.63514800'),
(335, 'Sablang', 11, '14.91443000', '121.56441000'),
(336, 'San Marcelino', 11, '14.85313000', '121.59694000'),
(337, 'Umiray', 11, '15.11379900', '121.43516200'),
(338, 'A. Mabini', 12, '13.82316000', '122.42907000'),
(339, 'Aloneros', 12, '13.99146000', '122.36778000'),
(340, 'Arbismen', 12, '13.83700000', '122.48795000'),
(341, 'Bagong Silang', 12, '14.04950000', '122.42314000'),
(342, 'Balinarin', 12, '13.96270800', '122.40552100'),
(343, 'Bukal Maligaya', 12, '13.97717500', '122.37606100'),
(344, 'Cabibihan', 12, '14.02502000', '122.37860000'),
(345, 'Cabong Norte', 12, '13.79490100', '122.50616300'),
(346, 'Cabong Sur', 12, '13.77888800', '122.50016900'),
(347, 'Calimpak', 12, '13.90989500', '122.44037600'),
(348, 'Capuluan Central', 12, '13.81168700', '122.50073200'),
(349, 'Capuluan Tulon', 12, '13.81966000', '122.48614000'),
(350, 'Dancalan Caimawan', 12, '13.84850000', '122.47396000'),
(351, 'Dancalan Central', 12, '13.86333000', '122.46958000'),
(352, 'Danlagan Batis', 12, '13.96522000', '122.35843000'),
(353, 'Danlagan Cabayao', 12, '14.00499000', '122.35577000'),
(354, 'Danlagan Central', 12, '13.99641000', '122.34972000'),
(355, 'Danlagan Reserva', 12, '13.98180000', '122.35208000'),
(356, 'Del Rosario', 12, '14.05270000', '122.39080000'),
(357, 'Dungawan Central', 12, '13.85262000', '122.42246000'),
(358, 'Dungawan Paalyunan', 12, '13.87625000', '122.41482000'),
(359, 'Dungawan Pantay', 12, '13.86697500', '122.43783900'),
(360, 'Ermita', 12, '13.94085200', '122.38176900'),
(361, 'Gapas', 12, '13.95697000', '122.38641000'),
(362, 'Himbubulo Este', 12, '13.88362000', '122.45654100'),
(363, 'Himbubulo Weste', 12, '13.89788000', '122.43342100'),
(364, 'Hinabaan', 12, '13.94020500', '122.41536500'),
(365, 'Ligpit Bantayan', 12, '13.81908000', '122.46408000'),
(366, 'Lubigan', 12, '13.85741000', '122.45147000'),
(367, 'Magallanes', 12, '13.82236700', '122.40813600'),
(368, 'Magsaysay', 12, '13.91470000', '122.41584800'),
(369, 'Manggagawa', 12, '13.89379200', '122.45078100'),
(370, 'Manggalang', 12, '13.88050100', '122.44481300'),
(371, 'Manlayo', 12, '13.90416000', '122.45014000'),
(372, 'Poblacion', 12, '13.89796700', '122.45470200'),
(373, 'Salakan', 12, '13.92443100', '122.42133900'),
(374, 'San Antonio', 12, '13.95448000', '122.37027000'),
(375, 'San Isidro', 12, '13.79024000', '122.48674000'),
(376, 'San Jose', 12, '14.06696400', '122.40632000'),
(377, 'San Lorenzo', 12, '13.84284300', '122.40652000'),
(378, 'San Luis I', 12, '14.04517000', '122.37557000'),
(379, 'San Luis II', 12, '14.06211000', '122.39830000'),
(380, 'San Miguel', 12, '14.01438600', '122.35697600'),
(381, 'San Pedro I', 12, '13.90631800', '122.40436400'),
(382, 'San Pedro II', 12, '14.09700700', '122.41962100'),
(383, 'San Roque', 12, '13.92340300', '122.39348300'),
(384, 'Santa Cruz', 12, '13.93390000', '122.40409000'),
(385, 'Santa Maria', 12, '13.80733000', '122.43224000'),
(386, 'Santa Teresita', 12, '13.84841500', '122.42045700'),
(387, 'Sintones', 12, '13.82866000', '122.47241000'),
(388, 'Sisi', 12, '13.92040000', '122.43293000'),
(389, 'Tikay', 12, '13.99662300', '122.36413500'),
(390, 'Triumpo', 12, '14.01937600', '122.36426100'),
(391, 'Villa Hiwasayan', 12, '13.85176200', '122.44034800'),
(392, 'Adia Bitaog', 13, '13.83733000', '122.06952000'),
(393, 'Anonangin', 13, '13.80865700', '122.15651900'),
(394, 'Bagong Buhay', 13, '13.91983700', '122.09844100'),
(395, 'Bamban', 13, '13.91049000', '122.14720000'),
(396, 'Bantad', 13, '13.82858000', '122.16256000'),
(397, 'Batong Dalig', 13, '13.90531700', '122.07012200'),
(398, 'Biga', 13, '13.89138300', '122.17319900'),
(399, 'Binambang', 13, '13.90682000', '122.19166000'),
(400, 'Buensuceso', 13, '13.91037500', '122.10713200'),
(401, 'Bungahan', 13, '13.87291200', '122.05240900'),
(402, 'Butaguin', 13, '13.91826600', '122.08084800'),
(403, 'Calumangin', 13, '13.94989000', '122.03073000'),
(404, 'Camohaguin', 13, '13.90966000', '122.16514000'),
(405, 'Casasahan Ibaba', 13, '13.82825000', '122.05793000'),
(406, 'Casasahan Ilaya', 13, '13.84150000', '122.05579000'),
(407, 'Cawayan', 13, '13.84287000', '122.19745000'),
(408, 'Gayagayaan', 13, '13.82425000', '122.17295000'),
(409, 'Gitnang Barrio', 13, '13.85633100', '122.12562000'),
(410, 'Hagakhakin', 13, '13.91199000', '122.18204000'),
(411, 'Hardinan', 13, '13.88872300', '122.07518100'),
(412, 'Inaclagan', 13, '13.94306000', '122.04412000'),
(413, 'Inagbuhan Ilaya', 13, '13.91483700', '122.05499200'),
(414, 'Labnig', 13, '13.89924000', '122.14128000'),
(415, 'Laguna', 13, '13.87556500', '122.13186300'),
(416, 'Lagyo', 13, '13.92074000', '122.11724000'),
(417, 'Mabini', 13, '13.91883200', '122.09473300'),
(418, 'Mabunga', 13, '13.86441000', '122.06780000'),
(419, 'Malabtog', 13, '13.88354700', '122.14925100'),
(420, 'Manlayaan', 13, '13.89931500', '122.08944200'),
(421, 'Marcelo H. del Pilar', 13, '13.89896000', '122.04606800'),
(422, 'Mataas na Bundok', 13, '13.87980100', '122.06996600'),
(423, 'Maunlad', 13, '13.92025900', '122.10216900'),
(424, 'Pagsabangan', 13, '13.84602000', '122.13117000'),
(425, 'Panikihan', 13, '13.91132000', '122.13973000'),
(426, 'Peñafrancia', 13, '13.92386000', '122.09763000'),
(427, 'Pipisik', 13, '13.92157100', '122.09801700'),
(428, 'Progreso', 13, '13.90907000', '122.08943000'),
(429, 'Rizal', 13, '13.91998800', '122.09987300'),
(430, 'Rosario', 13, '13.93115000', '122.09124000'),
(431, 'San Agustin', 13, '13.87648000', '122.09183800'),
(432, 'San Diego', 13, '13.85944600', '122.17830900'),
(433, 'San Diego Poblacion', 13, '13.92217500', '122.09995900'),
(434, 'San Isidro Kanluran', 13, '13.86670200', '122.08658500'),
(435, 'San Isidro Silangan', 13, '13.85999400', '122.09748600'),
(436, 'San Juan de Jesus', 13, '13.88724900', '122.08705000'),
(437, 'San Vicente', 13, '13.89883000', '122.20531000'),
(438, 'Sastre', 13, '13.87325000', '122.10411000'),
(439, 'Tabing Dagat', 13, '13.92213300', '122.10245800'),
(440, 'Tumayan', 13, '13.89867400', '122.18168900'),
(441, 'Villa Arcaya', 13, '13.93632000', '122.05871000'),
(442, 'Villa Bota', 13, '13.93490000', '122.07253000'),
(443, 'Villa Fuerte', 13, '13.83966000', '122.16067000'),
(444, 'Villa M. Principe', 13, '13.87464500', '122.10376900'),
(445, 'Villa Mendoza', 13, '13.85802100', '122.10828500'),
(446, 'Villa Nava', 13, '13.91682000', '122.10025000'),
(447, 'Villa Padua', 13, '13.91516000', '122.12351000'),
(448, 'Villa Perez', 13, '13.86825000', '122.11398000'),
(449, 'Villa Tañada', 13, '13.87191000', '122.19465500'),
(450, 'Villa Victoria', 13, '13.89083000', '122.04480000'),
(451, 'Abiawin', 14, '14.74630900', '121.67889800'),
(452, 'Agos-agos', 14, '14.73786800', '121.61270800'),
(453, 'Alitas', 14, '14.70279400', '121.67602700'),
(454, 'Amolongin', 14, '14.70225000', '121.64826000'),
(455, 'Anibong', 14, '14.71369100', '121.65243800'),
(456, 'Antikin', 14, '14.73097000', '121.67204000'),
(457, 'Bacong', 14, '14.72409000', '121.66208000'),
(458, 'Balobo', 14, '14.71094800', '121.68224700'),
(459, 'Bantilan', 14, '14.75909200', '121.65504700'),
(460, 'Banugao', 14, '14.74587400', '121.62282700'),
(461, 'Batican', 14, '14.73362600', '121.63210100'),
(462, 'Binonoan', 14, '14.71097000', '121.63676000'),
(463, 'Binulasan', 14, '14.73363000', '121.69650000'),
(464, 'Boboin', 14, '14.76061600', '121.65996900'),
(465, 'Catambungan', 14, '14.75770000', '121.64577000'),
(466, 'Cawaynin', 14, '14.72251600', '121.67644200'),
(467, 'Comon', 14, '14.74031000', '121.64522000'),
(468, 'Dinahican', 14, '14.71236600', '121.71042600'),
(469, 'Gumian', 14, '14.69571400', '121.61064900'),
(470, 'Ilog', 14, '14.75807000', '121.64271100'),
(471, 'Ingas', 14, '14.75266300', '121.65779000'),
(472, 'Langgas', 14, '14.71728000', '121.66672000'),
(473, 'Libjo', 14, '14.75552000', '121.66650000'),
(474, 'Lual', 14, '14.73793000', '121.65474000'),
(475, 'Magsaysay', 14, '14.70773000', '121.59960000'),
(476, 'Maypulot', 14, '14.73352200', '121.67524200'),
(477, 'Miswa', 14, '14.74134500', '121.65597400'),
(478, 'Pilaway', 14, '14.74331400', '121.63669000'),
(479, 'Pinaglapatan', 14, '14.76467000', '121.65110000'),
(480, 'Poblacion 1', 14, '14.74829300', '121.64890900'),
(481, 'Poblacion 38', 14, '14.74833711', '121.65452059'),
(482, 'Poblacion 39', 14, '14.74592300', '121.65945200'),
(483, 'Pulo', 14, '14.71993000', '121.63402000'),
(484, 'Silangan', 14, '14.74193000', '121.66796000'),
(485, 'Tongohin', 14, '14.72093000', '121.62415000'),
(486, 'Tudturan', 14, '14.73450000', '121.66567000'),
(487, 'Apad', 15, '14.71520000', '122.41696000'),
(488, 'Bukal', 15, '14.68980000', '122.40623000'),
(489, 'Casuguran', 15, '14.71529000', '122.37207000'),
(490, 'Gango', 15, '14.68274000', '122.37122000'),
(491, 'Talisoy', 15, '14.69652000', '122.33053000'),
(492, 'Bacungan', 16, '13.89433200', '122.27959400'),
(493, 'Bagacay', 16, '13.94732200', '122.25243900'),
(494, 'Banabahin Ibaba', 16, '13.86770400', '122.31501800'),
(495, 'Banabahin Ilaya', 16, '13.85402600', '122.32065900'),
(496, 'Bayabas', 16, '13.83719400', '122.32562800'),
(497, 'Bebito', 16, '13.89299000', '122.27118000'),
(498, 'Bigajo', 16, '13.93861300', '122.25736900'),
(499, 'Binahian A', 16, '13.82775000', '122.26882000'),
(500, 'Binahian B', 16, '13.81499000', '122.27114000'),
(501, 'Binahian C', 16, '13.79377200', '122.25909600'),
(502, 'Bocboc', 16, '13.87912000', '122.26028000'),
(503, 'Buenavista', 16, '13.86034400', '122.30728800'),
(504, 'Burgos', 16, '13.88106000', '122.26071000'),
(505, 'Buyacanin', 16, '13.87915900', '122.28639300'),
(506, 'Cagacag', 16, '13.84233000', '122.31697000'),
(507, 'Calantipayan', 16, '13.88358000', '122.24075000'),
(508, 'Canda Ibaba', 16, '13.91557000', '122.28307000'),
(509, 'Canda Ilaya', 16, '13.90674000', '122.28032000'),
(510, 'Cawayan', 16, '13.84569000', '122.33609500'),
(511, 'Cawayanin', 16, '13.74039000', '122.35920000'),
(512, 'Cogorin Ibaba', 16, '13.82900000', '122.28890000'),
(513, 'Cogorin Ilaya', 16, '13.80931000', '122.28384000'),
(514, 'Concepcion', 16, '13.92457000', '122.26341000'),
(515, 'Danlagan', 16, '13.88636300', '122.27185100'),
(516, 'De La Paz', 16, '13.90545400', '122.30751200'),
(517, 'Del Pilar', 16, '13.88258000', '122.25243000'),
(518, 'Del Rosario', 16, '13.85469600', '122.34188300'),
(519, 'Esperanza Ibaba', 16, '13.89599900', '122.31746300'),
(520, 'Esperanza Ilaya', 16, '13.89896200', '122.32654700'),
(521, 'Gomez', 16, '13.88819900', '122.25612500'),
(522, 'Guihay', 16, '13.90074000', '122.25457000'),
(523, 'Guinuangan', 16, '13.83062000', '122.33613900'),
(524, 'Guites', 16, '13.97489800', '122.20296800'),
(525, 'Hondagua', 16, '13.88750000', '122.25801000'),
(526, 'Ilayang Ilog A', 16, '13.82950000', '122.24504000'),
(527, 'Ilayang Ilog B', 16, '13.83825000', '122.25328000'),
(528, 'Inalusan', 16, '13.84391000', '122.29294000'),
(529, 'Jongo', 16, '13.87616000', '122.23517000'),
(530, 'Lalaguna', 16, '13.86183000', '122.33002000'),
(531, 'Lourdes', 16, '13.95703300', '122.23423700'),
(532, 'Mabanban', 16, '13.79399000', '122.33088000'),
(533, 'Mabini', 16, '13.77010000', '122.39831900'),
(534, 'Magallanes', 16, '13.85390000', '122.38733500'),
(535, 'Magsaysay', 16, '13.88850500', '122.26267800'),
(536, 'Maguilayan', 16, '13.89790200', '122.29785000'),
(537, 'Mahayod-Hayod', 16, '13.89517600', '122.30750100'),
(538, 'Mal-ay', 16, '13.89051200', '122.20604600'),
(539, 'Mandoog', 16, '13.95789700', '122.22111800'),
(540, 'Manguisian', 16, '13.89234100', '122.24986000'),
(541, 'Matinik', 16, '13.93482000', '122.24942000'),
(542, 'Monteclaro', 16, '13.89536500', '122.34197000'),
(543, 'Pamampangin', 16, '13.88633000', '122.28873000'),
(544, 'Pansol', 16, '13.89016000', '122.22659000'),
(545, 'Peñafrancia', 16, '13.88079200', '122.27516800'),
(546, 'Pisipis', 16, '13.90191000', '122.36512000'),
(547, 'Rizal (Rural)', 16, '13.86201200', '122.33048300'),
(548, 'Rizal (Poblacion)', 16, '13.88333700', '122.25706400'),
(549, 'Roma', 16, '13.98380000', '122.18800000'),
(550, 'Rosario', 16, '13.85084500', '122.28225300'),
(551, 'Samat', 16, '13.86058000', '122.29629000'),
(552, 'San Andres', 16, '13.79407000', '122.36813000'),
(553, 'San Antonio', 16, '13.86937700', '122.27761100'),
(554, 'San Francisco A', 16, '13.80364300', '122.31358700'),
(555, 'San Francisco B', 16, '13.78990000', '122.29629000'),
(556, 'San Isidro', 16, '13.86458600', '122.24278200'),
(557, 'San Jose', 16, '13.92183500', '122.25830100'),
(558, 'San Miguel', 16, '13.76267200', '122.28178300'),
(559, 'San Pedro', 16, '13.84761100', '122.23688400'),
(560, 'San Rafael', 16, '13.85725100', '122.22363400'),
(561, 'San Roque', 16, '13.90674100', '122.28953200'),
(562, 'Santa Catalina', 16, '13.77911000', '122.35611000'),
(563, 'Santa Elena', 16, '13.82041100', '122.21322300'),
(564, 'Santa Jacobe', 16, '13.94889300', '122.22978300'),
(565, 'Santa Lucia', 16, '13.91302700', '122.25542000'),
(566, 'Santa Maria', 16, '13.96397000', '122.21054000'),
(567, 'Santa Rosa', 16, '13.82827200', '122.30608200'),
(568, 'Santa Teresa', 16, '13.90574000', '122.24513000'),
(569, 'Santo Niño Ibaba', 16, '13.81827700', '122.35340400'),
(570, 'Santo Niño Ilaya', 16, '13.80407000', '122.32126000'),
(571, 'Silang', 16, '13.83711200', '122.29095800'),
(572, 'Sugod', 16, '13.88969900', '122.21886200'),
(573, 'Sumalang', 16, '13.79707000', '122.31328000'),
(574, 'Talolong', 16, '13.88039000', '122.26176000'),
(575, 'Tan-ag Ibaba', 16, '13.88472300', '122.31758600'),
(576, 'Tan-ag Ilaya', 16, '13.88116200', '122.30249200'),
(577, 'Tocalin', 16, '13.88675500', '122.33006700'),
(578, 'Vegaflor', 16, '13.83683000', '122.38589000'),
(579, 'Vergaña', 16, '13.83491000', '122.37156000'),
(580, 'Veronica', 16, '13.83538000', '122.33148000'),
(581, 'Villa Aurora', 16, '13.82500000', '122.36795000'),
(582, 'Villa Espina', 16, '13.85841000', '122.38074000'),
(583, 'Villa Geda', 16, '13.85400000', '122.34529000'),
(584, 'Villa Hermosa', 16, '13.87125000', '122.26942000'),
(585, 'Villamonte', 16, '13.87189200', '122.29648100'),
(586, 'Villanacaob', 16, '13.80891000', '122.24170000'),
(587, 'Abang', 17, '14.13658000', '121.55291000'),
(588, 'Aliliw', 17, '14.13941000', '121.55548000'),
(589, 'Atulinao', 17, '14.12975000', '121.59162000'),
(590, 'Ayuti', 17, '14.11689000', '121.54930000'),
(591, 'Baranggay I', 17, '14.11610000', '121.55730000'),
(592, 'Baranggay II', 17, '14.11370000', '121.55440000'),
(593, 'Baranggay III', 17, '14.11600000', '121.55030000'),
(594, 'Baranggay IV', 17, '14.11490000', '121.55240000'),
(595, 'Baranggay V', 17, '14.11320000', '121.55350000'),
(596, 'Baranggay VI', 17, '14.11680000', '121.55330000'),
(597, 'Baranggay VII', 17, '14.11700000', '121.55520000'),
(598, 'Baranggay VIII', 17, '14.11460000', '121.55490000'),
(599, 'Baranggay IX', 17, '14.11650000', '121.55640000'),
(600, 'Baranggay X', 17, '14.11310000', '121.55770000'),
(601, 'Igang', 17, '14.13333000', '121.51746000'),
(602, 'Kabatete', 17, '14.14232000', '121.57462000'),
(603, 'Kakawit', 17, '14.12124000', '121.58149000'),
(604, 'Kalangay', 17, '14.15788000', '121.55153000'),
(605, 'Kalyaat', 17, '14.15089000', '121.53480000'),
(606, 'Kilib', 17, '14.13466000', '121.56329000'),
(607, 'Kulapi', 17, '14.11331000', '121.56758000'),
(608, 'Mahabang Parang', 17, '14.13791000', '121.56569000'),
(609, 'Malupak', 17, '14.10253000', '121.57810000'),
(610, 'Manasa', 17, '14.07081000', '121.57170000'),
(611, 'May-it', 17, '14.07731000', '121.57522000'),
(612, 'Nagsinamo', 17, '14.09953000', '121.61445000'),
(613, 'Nalunao', 17, '14.16188000', '121.53565000'),
(614, 'Palola', 17, '14.10403000', '121.54707000'),
(615, 'Piis', 17, '14.14565000', '121.58664000'),
(616, 'Samil', 17, '14.12842000', '121.52767000'),
(617, 'Tiawe', 17, '14.08620850', '121.58272700'),
(618, 'Tinamnan', 17, '14.11102000', '121.56200000'),
(619, 'Barangay 1', 18, '13.93903900', '121.61245600'),
(620, 'Barangay 2', 18, '13.93900300', '121.61447900'),
(621, 'Barangay 3', 18, '13.93757600', '121.61227900'),
(622, 'Barangay 4', 18, '13.93700400', '121.61471500'),
(623, 'Barangay 5', 18, '13.93556700', '121.61171100'),
(624, 'Barangay 6', 18, '13.93434800', '121.61387800'),
(625, 'Barangay 7', 18, '13.93337000', '121.61190400'),
(626, 'Barangay 8', 18, '13.93090200', '121.61158200'),
(627, 'Barangay 9', 18, '13.93138100', '121.61354500'),
(628, 'Barangay 10', 18, '13.92801700', '121.61545500'),
(629, 'Barangay 11', 18, '13.94173100', '121.61458600'),
(630, 'Barra', 18, '13.90240500', '121.60839900'),
(631, 'Bocohan', 18, '13.95802000', '121.59067000'),
(632, 'Cotta', 18, '13.92125200', '121.61257300'),
(633, 'Dalahican', 18, '13.91216000', '121.61651000'),
(634, 'Domoit', 18, '13.96647000', '121.59513000'),
(635, 'Gulang-gulang', 18, '13.96164000', '121.60887000'),
(636, 'Ibabang Dupay', 18, '13.97713000', '121.61900000'),
(637, 'Ibabang Iyam', 18, '13.92765000', '121.60131000'),
(638, 'Ibabang Talim', 18, '13.91774000', '121.57891000'),
(639, 'Ilayang Dupay', 18, '13.97120200', '121.61818000'),
(640, 'Ilayang Iyam', 18, '13.94148000', '121.60406000'),
(641, 'Ilayang Talim', 18, '13.94265000', '121.57050000'),
(642, 'Isabang', 18, '13.94989000', '121.58381000'),
(643, 'Market View', 18, '13.93482000', '121.61985000'),
(644, 'Mayao Castillo', 18, '13.93040000', '121.66534000'),
(645, 'Mayao Crossing', 18, '13.92649000', '121.62329000'),
(646, 'Mayao Kanluran', 18, '13.96588100', '121.63013800'),
(647, 'Mayao Parada', 18, '13.92782000', '121.64286000'),
(648, 'Mayao Silangan', 18, '13.95548000', '121.64560000'),
(649, 'Ransohan', 18, '13.89399000', '121.59393000'),
(650, 'Salinas', 18, '13.90385400', '121.57687800'),
(651, 'Talao-talao', 18, '13.90987000', '121.64526000'),
(652, 'Amontay', 19, '13.72986600', '122.14804800'),
(653, 'Anos', 19, '13.80157000', '122.15501000'),
(654, 'Buyao', 19, '13.76505900', '122.12770300'),
(655, 'Calantas', 19, '13.78549000', '122.13973000'),
(656, 'Candangal', 19, '13.74555000', '122.18282000'),
(657, 'Castillo', 19, '13.74944400', '122.13288100'),
(658, 'Damayan', 19, '13.74645300', '122.14321900'),
(659, 'Lahing', 19, '13.78324000', '122.17818000'),
(660, 'Luctob', 19, '13.75796400', '122.13179900'),
(661, 'Mabini Ibaba', 19, '13.76231000', '122.13947000'),
(662, 'Mabini Ilaya', 19, '13.77532000', '122.13887000'),
(663, 'Malabahay', 19, '13.76892600', '122.23893900'),
(664, 'Mambog', 19, '13.77140000', '122.16891000'),
(665, 'Masipag', 19, '13.74171400', '122.14033600'),
(666, 'Olongtao Ibaba', 19, '13.73347000', '122.17870000'),
(667, 'Olongtao Ilaya', 19, '13.72146000', '122.19707000'),
(668, 'Padre Herrera', 19, '13.79866000', '122.18016000'),
(669, 'Pag-asa', 19, '13.74674800', '122.13763000'),
(670, 'Pajarillo', 19, '13.77113900', '122.15594500'),
(671, 'Pinagbayanan', 19, '13.75677000', '122.14522000'),
(672, 'Rizal', 19, '13.75548900', '122.13956800'),
(673, 'Rodriquez', 19, '13.75169800', '122.14257900'),
(674, 'San Isidro', 19, '13.75239000', '122.17702000'),
(675, 'San Jose', 19, '13.78453300', '122.22007300'),
(676, 'San Nicolas', 19, '13.74322000', '122.19672000'),
(677, 'San Vicente', 19, '13.75681000', '122.20891000'),
(678, 'Taguin', 19, '13.75206000', '122.15930000'),
(679, 'Tubigan Ibaba', 19, '13.76548400', '122.15875300'),
(680, 'Tubigan Ilaya', 19, '13.78290000', '122.16243000'),
(681, 'Vista Hermosa', 19, '13.76981000', '122.19063000'),
(682, 'Abo-abo', 20, '14.21230400', '121.68222600'),
(683, 'Alitap', 20, '14.13358000', '121.75195000'),
(684, 'Baao', 20, '14.15980000', '121.71169000'),
(685, 'Bagong Bayan', 20, '14.18701000', '121.72856000'),
(686, 'Balaybalay', 20, '14.13474000', '121.69109000'),
(687, 'Bato', 20, '14.20245400', '121.71100500'),
(688, 'Cagbalete I', 20, '14.25948000', '121.82233000'),
(689, 'Cagbalete II', 20, '14.29325000', '121.82087000'),
(690, 'Cagsiay I', 20, '14.21963000', '121.74929000'),
(691, 'Cagsiay II', 20, '14.26114000', '121.73384000'),
(692, 'Cagsiay III', 20, '14.34481000', '121.70191000'),
(693, 'Concepcion', 20, '14.18160000', '121.68521000'),
(694, 'Daungan', 20, '14.19401900', '121.73498500'),
(695, 'Liwayway', 20, '14.10986000', '121.68792000'),
(696, 'Lual', 20, '14.19290400', '121.72683000'),
(697, 'Lual Rural', 20, '14.19234000', '121.72049300'),
(698, 'Lucutan', 20, '14.14081100', '121.70100300'),
(699, 'Luya-luya', 20, '14.14950600', '121.73653900'),
(700, 'Mabato', 20, '14.19678900', '121.72853200'),
(701, 'Macasin', 20, '14.14088500', '121.71717100'),
(702, 'Polo', 20, '14.17744000', '121.71736000'),
(703, 'Remedios I', 20, '14.19243500', '121.67637200'),
(704, 'Remedios II', 20, '14.19200000', '121.66440000'),
(705, 'Rizaliana', 20, '14.18571600', '121.72570000'),
(706, 'Rosario', 20, '14.10578000', '121.77675000'),
(707, 'Sadsaran', 20, '14.18129000', '121.73062000'),
(708, 'San Gabriel', 20, '14.12891700', '121.72908800'),
(709, 'San Isidro', 20, '14.16296000', '121.70611000'),
(710, 'San Jose', 20, '14.10744000', '121.79031000'),
(711, 'San Lorenzo', 20, '14.19639000', '121.74092000'),
(712, 'San Miguel', 20, '14.14224000', '121.68586000'),
(713, 'San Rafael', 20, '14.14798600', '121.67476400'),
(714, 'San Roque', 20, '14.22248500', '121.70212700'),
(715, 'San Vicente', 20, '14.19183000', '121.69925000'),
(716, 'Santa Lucia', 20, '14.12576000', '121.76422000'),
(717, 'Santo Angel', 20, '14.15968100', '121.69406200'),
(718, 'Santo Niño', 20, '14.07864000', '121.82842000'),
(719, 'Santol', 20, '14.18089000', '121.70830000'),
(720, 'Soledad', 20, '14.21119500', '121.72573800'),
(721, 'Tapucan', 20, '14.17218000', '121.73051000'),
(722, 'Ajos', 21, '13.55197000', '122.37139000'),
(723, 'Amuguis', 21, '13.51440900', '122.42418600'),
(724, 'Anonang', 21, '13.60578000', '122.41928000'),
(725, 'Bagong Silang', 21, '13.56020400', '122.38759600'),
(726, 'Bagupaye', 21, '13.56332800', '122.41389500'),
(727, 'Barangay 1', 21, '13.52492854', '122.40212663'),
(728, 'Barangay 2', 21, '13.52655900', '122.40588200'),
(729, 'Barangay 3', 21, '13.52354342', '122.40740739'),
(730, 'Barangay 4', 21, '13.52028840', '122.40411105'),
(731, 'Bolo', 21, '13.57424000', '122.39901500'),
(732, 'Buenavista', 21, '13.50930000', '122.45715000'),
(733, 'Burgos', 21, '13.61025777', '122.44151963'),
(734, 'Butanyog', 21, '13.52332000', '122.41284600'),
(735, 'Canuyep', 21, '13.47723000', '122.43361000'),
(736, 'F. Nanadiego', 21, '13.47591900', '122.44574100'),
(737, 'Ibabang Cambuga', 21, '13.56463700', '122.45329400'),
(738, 'Ibabang Yuni', 21, '13.42619000', '122.47121000'),
(739, 'Ilayang Cambuga', 21, '13.55195400', '122.47440800'),
(740, 'Ilayang Yuni', 21, '13.45441000', '122.52348000'),
(741, 'Latangan', 21, '13.54304000', '122.41542000'),
(742, 'Magsaysay', 21, '13.61129000', '122.40211000'),
(743, 'Matataja', 21, '13.47413000', '122.48732000'),
(744, 'Pakiing', 21, '13.49585000', '122.50061000'),
(745, 'Patabog', 21, '13.45190000', '122.45078000'),
(746, 'Sagongon', 21, '13.47903900', '122.42071900'),
(747, 'San Isidro', 21, '13.50181000', '122.42889000'),
(748, 'San Pedro', 21, '13.53840400', '122.44796300'),
(749, 'Santa Rosa', 21, '13.54003600', '122.39528100'),
(750, 'Basiao', 22, '13.91386000', '121.81426000'),
(751, 'Burgos', 22, '13.91720000', '121.81679000'),
(752, 'Cabuyao Norte', 22, '13.91357000', '121.88477000'),
(753, 'Cabuyao Sur', 22, '13.91137000', '121.88833000'),
(754, 'Campo', 22, '13.92200800', '121.81475900'),
(755, 'Danlagan', 22, '13.90405000', '121.84417000'),
(756, 'Duhat', 22, '13.92367500', '121.83141800'),
(757, 'Hinguiwin', 22, '13.94042000', '121.82887000'),
(758, 'Kinagunan Ibaba', 22, '13.90170000', '121.89365000'),
(759, 'Kinagunan Ilaya', 22, '13.90988400', '121.90461100'),
(760, 'Lipata', 22, '13.89409800', '121.79978700'),
(761, 'Marao', 22, '13.90576000', '121.82754000'),
(762, 'Marquez', 22, '13.95365300', '121.84007900'),
(763, 'Punta', 22, '13.91803900', '121.81397400'),
(764, 'Rizal', 22, '13.93493200', '121.82475000'),
(765, 'San Isidro', 22, '13.91826000', '121.87043100'),
(766, 'San Vicente', 22, '13.89791000', '121.85849700'),
(767, 'Sipa', 22, '13.96072000', '121.80746000'),
(768, 'Tulay Buhangin', 22, '13.90519300', '121.79495800'),
(769, 'Villapaz', 22, '13.93226300', '121.84752100'),
(770, 'Walay', 22, '13.91186000', '121.86790000'),
(771, 'Yawe', 22, '13.91545000', '121.86125000'),
(772, 'Alupaye', 23, '13.93848000', '121.67676000'),
(773, 'Añato', 23, '14.00678000', '121.65805000'),
(774, 'Antipolo', 23, '13.99271000', '121.66672000'),
(775, 'Bantigue', 23, '13.94148000', '121.69118000'),
(776, 'Barangay 1 Castillo', 23, '13.97140600', '121.68355100'),
(777, 'Barangay 2 Daungan', 23, '13.96816800', '121.68939800'),
(778, 'Barangay 3 del Carmen', 23, '13.96920000', '121.68541000'),
(779, 'Barangay 4 Parang', 23, '13.97134300', '121.68939800'),
(780, 'Barangay 5 Santa Catalina', 23, '13.97084300', '121.68687700'),
(781, 'Barangay 6 Tambak', 23, '13.97312400', '121.68946300'),
(782, 'Bigo', 23, '13.99046000', '121.65762000'),
(783, 'Binahaan', 23, '13.99254000', '121.75701000'),
(784, 'Bukal', 23, '13.97218000', '121.67959000'),
(785, 'Ibabang Bagumbungan', 23, '14.00870000', '121.68783000'),
(786, 'Ibabang Palsabangon', 23, '13.98871000', '121.72826000'),
(787, 'Ibabang Polo', 23, '13.90732000', '121.74525000'),
(788, 'Ikirin', 23, '13.97551000', '121.69088000'),
(789, 'Ilayang Bagumbungan', 23, '14.03068000', '121.70131000'),
(790, 'Ilayang Palsabangon', 23, '13.99920000', '121.71598000'),
(791, 'Ilayang Polo', 23, '13.93407000', '121.78534000'),
(792, 'Kanluran Malicboy', 23, '13.97005000', '121.76817000'),
(793, 'Mapagong', 23, '13.95914000', '121.67745000'),
(794, 'Mayhay', 23, '13.97286000', '121.68478000'),
(795, 'Pinagbayanan', 23, '13.96714000', '121.69139000'),
(796, 'Silangan Malicboy', 23, '13.98155000', '121.78825000'),
(797, 'Talipan', 23, '13.96310000', '121.65427000'),
(798, 'Tukalan', 23, '14.00070000', '121.67736000'),
(799, 'Balungay', 24, '14.96386000', '121.81795000'),
(800, 'Bato', 24, '14.95210000', '121.84325000'),
(801, 'Bonbon', 24, '15.03764000', '121.91734000'),
(802, 'Calasumanga', 24, '14.90730000', '121.86001000'),
(803, 'Kinalagti', 24, '15.01634000', '121.84379000'),
(804, 'Libo', 24, '15.02405000', '121.83726000'),
(805, 'Lipata', 24, '14.94868000', '121.88121000'),
(806, 'Matangkap', 24, '15.02695000', '121.87984000'),
(807, 'Milawid', 24, '14.92853000', '121.85057000'),
(808, 'Pagitan', 24, '15.00067000', '121.84336000'),
(809, 'Pandan', 24, '15.02703000', '121.85400000'),
(810, 'Rizal', 24, '15.04896000', '121.96957000'),
(811, 'San Juan', 24, '14.93463000', '121.81690000'),
(812, 'Amaga', 25, '14.82202000', '122.14351000'),
(813, 'Busdak', 25, '14.79455000', '122.20470000'),
(814, 'Kilogan', 25, '14.81870000', '122.18359000'),
(815, 'Luod', 25, '14.82169000', '122.12411000'),
(816, 'Patnanungan Norte', 25, '14.77663000', '122.17758000'),
(817, 'Patnanungan Sur', 25, '14.75978000', '122.25337000'),
(818, 'Bagong Pag-asa Poblacion', 26, '14.19330000', '121.92550000'),
(819, 'Bagong Silang Poblacion', 26, '14.19475700', '121.92422000'),
(820, 'Maabot', 26, '14.14090600', '121.97879800'),
(821, 'Mainit Norte', 26, '14.14931000', '121.98112000'),
(822, 'Mainit Sur', 26, '14.14058100', '121.96492600'),
(823, 'Mapagmahal Poblacion', 26, '14.19250000', '121.92620000'),
(824, 'Pagkakaisa Poblacion', 26, '14.19163642', '121.92785058'),
(825, 'Pambuhan', 26, '14.18579100', '121.98087900'),
(826, 'Pinagtubigan Este', 26, '14.15971000', '121.95073000'),
(827, 'Pinagtubigan Weste', 26, '14.18633900', '121.95103400'),
(828, 'Rizal', 26, '14.14446500', '121.99021700'),
(829, 'Sangirin', 26, '14.20040400', '121.93371900'),
(830, 'Villamanzano Norte', 26, '14.22215100', '121.94017500'),
(831, 'Villamanzano Sur', 26, '14.21907200', '121.92910300'),
(832, 'Amontay', 27, '13.83035000', '122.10113000'),
(833, 'Biga', 27, '13.83069400', '122.10591700'),
(834, 'Bilucao', 27, '13.80173600', '122.11431300'),
(835, 'Cabulihan', 27, '13.79561000', '122.02931000'),
(836, 'Castillo', 27, '13.78301700', '122.08733100'),
(837, 'Cawayanin', 27, '13.82652000', '122.08248000'),
(838, 'Cometa', 27, '13.81008100', '122.04530700'),
(839, 'Dalampasigan', 27, '13.78795800', '122.08458000'),
(840, 'Dulong Bayan', 27, '13.78559100', '122.08520700'),
(841, 'Gangahin', 27, '13.80689000', '122.11325000'),
(842, 'Ibabang Burgos', 27, '13.82424300', '122.08583100'),
(843, 'Ibabang Pacatin', 27, '13.78835600', '122.10922700'),
(844, 'Ibabang Piña', 27, '13.81195000', '122.06017000'),
(845, 'Ibabang Soliyao', 27, '13.77221000', '122.11003500'),
(846, 'Ilayang Burgos', 27, '13.84433100', '122.09095600'),
(847, 'Ilayang Pacatin', 27, '13.79597300', '122.13407100'),
(848, 'Ilayang Piña', 27, '13.82478200', '122.05748700'),
(849, 'Ilayang Soliyao', 27, '13.77983000', '122.12608300'),
(850, 'Maaliw', 27, '13.78304900', '122.08860800'),
(851, 'Manggahan', 27, '13.78376800', '122.09151500'),
(852, 'Masaya', 27, '13.78651500', '122.09335100'),
(853, 'Mayubok', 27, '13.78177700', '122.08975600'),
(854, 'Nag-Cruz', 27, '13.79434800', '122.09237300'),
(855, 'Osmeña', 27, '13.83535600', '122.07893500'),
(856, 'Pag-asa', 27, '13.78362900', '122.08663300'),
(857, 'Pamilihan', 27, '13.78493000', '122.09491400'),
(858, 'Payte', 27, '13.79857900', '122.07683900'),
(859, 'Pinagbayanan', 27, '13.82263500', '122.10805800'),
(860, 'Poctol', 27, '13.81462000', '122.09892000'),
(861, 'Quezon', 27, '13.84290000', '122.08200000'),
(862, 'Quinagasan', 27, '13.82245000', '122.12548000'),
(863, 'Rizalino', 27, '13.84347000', '122.11234400'),
(864, 'Saguinsinan', 27, '13.81247800', '122.07473900'),
(865, 'Sampaloc', 27, '13.84508000', '122.07381000'),
(866, 'San Roque', 27, '13.81819200', '122.03517900'),
(867, 'Sisirin', 27, '13.83949400', '122.10539300'),
(868, 'Sumag Este', 27, '13.78240000', '122.06523000'),
(869, 'Sumag Norte', 27, '13.80294300', '122.05980900'),
(870, 'Sumag Weste', 27, '13.78983700', '122.05139000'),
(871, 'Central', 28, '13.95630000', '122.01960000'),
(872, 'Concepcion', 28, '13.96068000', '122.00573000'),
(873, 'Duhat', 28, '13.93530300', '122.01122200'),
(874, 'Ilaya', 28, '13.94998100', '122.01439100'),
(875, 'Ilosong', 28, '13.94161000', '122.00678000'),
(876, 'M.L. Tumagay Poblacion', 28, '13.95269700', '122.02182000'),
(877, 'Paang Bundok', 28, '13.95466100', '122.01698100'),
(878, 'Pampaaralan', 28, '13.95793500', '122.01539000'),
(879, 'Tanauan', 28, '13.96750100', '121.99775600'),
(880, 'Anawan', 29, '14.80443000', '121.90803000'),
(881, 'Atulayan', 29, '14.67826700', '121.95266200'),
(882, 'Balesin', 29, '14.42387000', '122.03751000'),
(883, 'Bañadero', 29, '14.71848000', '121.94009000'),
(884, 'Binibitinan', 29, '14.87723000', '121.87370000'),
(885, 'Bislian', 29, '14.64147000', '121.95974000'),
(886, 'Bucao', 29, '14.70574000', '121.90421000'),
(887, 'Canicanian', 29, '14.76434000', '122.01940000'),
(888, 'Kalubakis', 29, '14.63107000', '121.93148000'),
(889, 'Languyin', 29, '14.73405000', '122.02575000'),
(890, 'Libjo', 29, '14.70400000', '121.93500000'),
(891, 'Pamatdan', 29, '14.67510000', '122.00369000'),
(892, 'Pilion', 29, '14.78183000', '122.01165000'),
(893, 'Pinaglubayan', 29, '14.75198000', '121.97725000'),
(894, 'Poblacion', 29, '14.71609000', '121.93689000'),
(895, 'Sabang', 29, '14.67543000', '121.90773000'),
(896, 'Salipsip', 29, '14.82185000', '121.88923000'),
(897, 'Sibulan', 29, '14.72203000', '121.93992000'),
(898, 'Taluong', 29, '14.84799000', '121.87975000'),
(899, 'Tamulaya-Anitong', 29, '14.77609000', '121.92215000'),
(900, 'Apad', 30, '14.04363000', '122.10415000'),
(901, 'Argosino', 30, '14.06494000', '122.14076000'),
(902, 'Barangay I', 30, '14.00530000', '122.18460000'),
(903, 'Barangay II', 30, '14.00470000', '122.18390000'),
(904, 'Barangay III', 30, '14.00580000', '122.18280000'),
(905, 'Barangay IV', 30, '14.00680000', '122.18380000'),
(906, 'Barangay V', 30, '14.00540000', '122.18120000'),
(907, 'Barangay VI', 30, '14.00670000', '122.18640000'),
(908, 'Cagbalogo', 30, '14.01230700', '122.16519300'),
(909, 'Caridad', 30, '14.03392000', '122.13072900'),
(910, 'Cometa', 30, '14.03160000', '122.11720000'),
(911, 'Del Pilar', 30, '14.09004000', '122.11535000'),
(912, 'Guinhawa', 30, '14.05116000', '122.09621000'),
(913, 'Gumubat', 30, '14.03753000', '122.17378000'),
(914, 'Magsino', 30, '14.04340700', '122.11043000'),
(915, 'Mascariña', 30, '14.06598000', '122.08197000'),
(916, 'Montaña', 30, '14.07089800', '122.08710600'),
(917, 'Sabang', 30, '14.11602000', '122.07098000'),
(918, 'Silangan', 30, '14.02045400', '122.18262300'),
(919, 'Tagkawa', 30, '14.02982900', '122.14783500'),
(920, 'Villa Belen', 30, '14.06816500', '122.13043300'),
(921, 'Villa Francia', 30, '14.05197600', '122.14898000'),
(922, 'Villa Gomez', 30, '14.07960000', '122.12660000'),
(923, 'Villa Mercedes', 30, '14.03928100', '122.16556000'),
(924, 'Bagong Silang', 31, '14.55507000', '121.51819000'),
(925, 'Capalong', 31, '14.60535000', '121.60535000'),
(926, 'Cawayan', 31, '14.67299000', '121.60106000'),
(927, 'Kiloloran', 31, '14.62412000', '121.60440000'),
(928, 'Llavac', 31, '14.52128000', '121.53643000'),
(929, 'Lubayat', 31, '14.50862500', '121.60586300'),
(930, 'Malapad', 31, '14.55173000', '121.62226000'),
(931, 'Maragondon', 31, '14.53498000', '121.57793000'),
(932, 'Masikap', 31, '14.44891325', '121.56321691'),
(933, 'Maunlad', 31, '14.48151000', '121.51986000'),
(934, 'Pandan', 31, '14.47773000', '121.63865000'),
(935, 'Poblacion 61', 31, '14.64660300', '121.55351400');
INSERT INTO `barangays` (`barangay_id`, `barangay_name`, `city_id`, `latitude`, `longitude`) VALUES
(936, 'Poblacion I', 31, '14.66049500', '121.53313000'),
(937, 'Tagumpay', 31, '14.59330000', '121.60964000'),
(938, 'Tanauan', 31, '14.55742000', '121.59260000'),
(939, 'Tignoan', 31, '14.57744000', '121.61625000'),
(940, 'Ungos', 31, '14.66919000', '121.61159000'),
(941, 'Alupay', 32, '14.17453000', '121.67543000'),
(942, 'Apasan', 32, '14.16337000', '121.62809000'),
(943, 'Banot', 32, '14.17022000', '121.66809000'),
(944, 'Bataan', 32, '14.13608000', '121.62827000'),
(945, 'Bayongon', 32, '14.15867300', '121.63440200'),
(946, 'Bilucao', 32, '14.16217000', '121.65994000'),
(947, 'Caldong', 32, '14.23127000', '121.62402000'),
(948, 'Ibabang Owain', 32, '14.17787700', '121.64663200'),
(949, 'Ilayang Owain', 32, '14.15896000', '121.63876000'),
(950, 'Mamala', 32, '14.16749000', '121.63215000'),
(951, 'San Bueno', 32, '14.19004360', '121.65352678'),
(952, 'San Isidro', 32, '14.16492300', '121.64085000'),
(953, 'San Roque', 32, '14.16042000', '121.63734000'),
(954, 'Taquico', 32, '14.18325800', '121.62228400'),
(955, 'Alibihaban', 33, '13.33478600', '122.71856000'),
(956, 'Camflora', 33, '13.33835000', '122.66347000'),
(957, 'Mangero', 33, '13.27203000', '122.67059000'),
(958, 'Pansoy', 33, '13.30527000', '122.66896000'),
(959, 'Poblacion', 33, '13.33654600', '122.66799400'),
(960, 'Tala', 33, '13.42803000', '122.64313000'),
(961, 'Talisay', 33, '13.21977000', '122.68922000'),
(962, 'Arawan', 34, '13.90716000', '121.25482000'),
(963, 'Bagong Niing', 34, '13.90957800', '121.29411100'),
(964, 'Balat Atis', 34, '13.91004200', '121.32279500'),
(965, 'Briones', 34, '13.88235000', '121.32048700'),
(966, 'Bulihan', 34, '13.91478000', '121.27310000'),
(967, 'Buliran', 34, '13.90311700', '121.29970600'),
(968, 'Callejon', 34, '13.87608000', '121.34417000'),
(969, 'Corazon', 34, '13.87958000', '121.28902000'),
(970, 'Loob', 34, '13.87854000', '121.27602000'),
(971, 'Magsaysay', 34, '13.87191000', '121.30584000'),
(972, 'Manuel del Valle, Sr.', 34, '13.87533600', '121.36105900'),
(973, 'Matipunso', 34, '13.89637510', '121.27236840'),
(974, 'Niing', 34, '13.91195000', '121.27911000'),
(975, 'Poblacion', 34, '13.89391000', '121.29129000'),
(976, 'Pulo', 34, '13.92473800', '121.32053300'),
(977, 'Pury', 34, '13.91549000', '121.31297000'),
(978, 'Sampaga', 34, '13.91341000', '121.30292000'),
(979, 'Sampaguita', 34, '13.88852000', '121.28451000'),
(980, 'San Jose', 34, '13.90610000', '121.31104300'),
(981, 'Sinturisan', 34, '13.89006000', '121.31490000'),
(982, 'Butanguiad', 35, '13.21597000', '122.54283000'),
(983, 'Casay', 35, '13.29128000', '122.54668000'),
(984, 'Cawayan I', 35, '13.37861300', '122.52789000'),
(985, 'Cawayan II', 35, '13.36002000', '122.54090000'),
(986, 'Don Juan Vercelos', 35, '13.26384000', '122.51678000'),
(987, 'Huyon-Uyon', 35, '13.25457000', '122.60120000'),
(988, 'Ibabang Tayuman', 35, '13.39239000', '122.50757600'),
(989, 'Ilayang Tayuman', 35, '13.41635000', '122.52563600'),
(990, 'Inabuan', 35, '13.34523600', '122.55521000'),
(991, 'Mabuñga', 35, '13.31020000', '122.60450000'),
(992, 'Nasalaan', 35, '13.17268000', '122.62025000'),
(993, 'Pagsangahan', 35, '13.21825500', '122.63774500'),
(994, 'Poblacion', 35, '13.34849000', '122.51932000'),
(995, 'Pugon', 35, '13.18074000', '122.56936000'),
(996, 'Santo Niño', 35, '13.30046500', '122.58761400'),
(997, 'Silongin', 35, '13.31812400', '122.54242400'),
(998, 'Abuyon', 36, '13.61009100', '122.49930800'),
(999, 'Andres Bonifacio', 36, '13.55242400', '122.55085800'),
(1000, 'Bani', 36, '13.63445100', '122.45440500'),
(1001, 'Bayanihan', 36, '13.57469800', '122.55683800'),
(1002, 'Binay', 36, '13.50257000', '122.59826000'),
(1003, 'Buenavista', 36, '13.56132700', '122.53214300'),
(1004, 'Busokbusokan', 36, '13.44134000', '122.56614000'),
(1005, 'Calwit', 36, '13.60224000', '122.53631000'),
(1006, 'Guinhalinan', 36, '13.66504000', '122.47730000'),
(1007, 'Lacdayan', 36, '13.57249000', '122.53018700'),
(1008, 'Maguiting', 36, '13.63494000', '122.50453000'),
(1009, 'Maligaya', 36, '13.56712700', '122.57198500'),
(1010, 'Manlampong', 36, '13.64840400', '122.48733700'),
(1011, 'Pagdadamayan', 36, '13.57180700', '122.56873800'),
(1012, 'Pagkakaisa', 36, '13.56610000', '122.55966200'),
(1013, 'Punta', 36, '13.52368000', '122.61858000'),
(1014, 'Rizal', 36, '13.55338600', '122.59447200'),
(1015, 'San Isidro', 36, '13.67669700', '122.44117100'),
(1016, 'San Juan', 36, '13.51784500', '122.55275000'),
(1017, 'San Vicente', 36, '13.48771000', '122.56760000'),
(1018, 'Vigo Central', 36, '13.47029000', '122.62590000'),
(1019, 'Villa Aurin', 36, '13.54350500', '122.52016100'),
(1020, 'Villa Reyes', 36, '13.45819300', '122.63702300'),
(1021, 'White Cliff', 36, '13.43066000', '122.56635000'),
(1022, 'Antipolo', 37, '13.91461000', '121.56458000'),
(1023, 'Balubal', 37, '13.96587000', '121.53490000'),
(1024, 'Barangay 1', 37, '13.96260000', '121.52220000'),
(1025, 'Barangay 2', 37, '13.96450000', '121.52530000'),
(1026, 'Barangay 3', 37, '13.96580000', '121.52810000'),
(1027, 'Barangay 4', 37, '13.96280000', '121.52890000'),
(1028, 'Barangay 5', 37, '13.96160000', '121.52580000'),
(1029, 'Barangay 6', 37, '13.96060000', '121.52470000'),
(1030, 'Bignay 1', 37, '13.86410000', '121.48879000'),
(1031, 'Bignay 2', 37, '13.84812000', '121.46669000'),
(1032, 'Bucal', 37, '13.91307000', '121.54394000'),
(1033, 'Canda', 37, '13.91020000', '121.52467000'),
(1034, 'Castañas', 37, '13.88225000', '121.55235000'),
(1035, 'Concepcion Banahaw', 37, '13.98813000', '121.47334000'),
(1036, 'Concepcion No. 1', 37, '13.94573000', '121.46695000'),
(1037, 'Concepcion Palasan', 37, '13.92232000', '121.46205000'),
(1038, 'Concepcion Pinagbakuran', 37, '13.96789000', '121.47806000'),
(1039, 'Gibanga', 37, '13.96833600', '121.54124700'),
(1040, 'Guisguis-San Roque', 37, '13.86741000', '121.52072000'),
(1041, 'Guisguis-Talon', 37, '13.87008000', '121.49952000'),
(1042, 'Janagdong 1', 37, '13.92611500', '121.50444900'),
(1043, 'Janagdong 2', 37, '13.89566000', '121.50604000'),
(1044, 'Limbon', 37, '13.89949000', '121.54291000'),
(1045, 'Lutucan 1', 37, '13.93049000', '121.49218000'),
(1046, 'Lutucan Bata', 37, '13.89079000', '121.48965000'),
(1047, 'Lutucan Malabag', 37, '13.90820000', '121.49025000'),
(1048, 'Mamala I', 37, '14.00312000', '121.51617000'),
(1049, 'Mamala II', 37, '13.96922000', '121.52553000'),
(1050, 'Manggalang 1', 37, '13.86622500', '121.45995000'),
(1051, 'Manggalang Tulo-tulo', 37, '13.86215300', '121.44779600'),
(1052, 'Manggalang-Bantilan', 37, '13.84008000', '121.43085000'),
(1053, 'Manggalang-Kiling', 37, '13.84116000', '121.44253000'),
(1054, 'Montecillo', 37, '13.88899000', '121.47643000'),
(1055, 'Morong', 37, '13.92774000', '121.55385000'),
(1056, 'Pili', 37, '13.94498000', '121.53977000'),
(1057, 'Sampaloc 1', 37, '13.98867000', '121.51239000'),
(1058, 'Sampaloc 2', 37, '13.95437000', '121.50557000'),
(1059, 'Sampaloc Bogon', 37, '14.01745600', '121.49622400'),
(1060, 'Sampaloc Santo Cristo', 37, '13.94290000', '121.49334000'),
(1061, 'Talaan Aplaya', 37, '13.89049000', '121.56406000'),
(1062, 'Talaanpantoc', 37, '13.90439000', '121.56003000'),
(1063, 'Tumbaga 1', 37, '13.94885000', '121.52626000'),
(1064, 'Tumbaga 2', 37, '13.92986000', '121.51780000'),
(1065, 'Aldavoc', 38, '13.96435000', '122.53768000'),
(1066, 'Aliji', 38, '13.96812600', '122.51723500'),
(1067, 'Bagong Silang', 38, '14.05430000', '122.42270000'),
(1068, 'Bamban', 38, '14.01119000', '122.57069000'),
(1069, 'Bosigon', 38, '14.08046000', '122.53823200'),
(1070, 'Bukal', 38, '13.97514700', '122.59618500'),
(1071, 'Cabibihan', 38, '14.02774200', '122.38430700'),
(1072, 'Cabugwang', 38, '13.99500000', '122.38083000'),
(1073, 'Cagascas', 38, '14.00175200', '122.41518000'),
(1074, 'Candalapdap', 38, '13.94012600', '122.49001900'),
(1075, 'Casispalan', 38, '14.06936000', '122.49649000'),
(1076, 'Colong-colong', 38, '13.96184000', '122.49791500'),
(1077, 'Del Rosario', 38, '14.01994000', '122.40392000'),
(1078, 'Katimo', 38, '13.93890000', '122.45091000'),
(1079, 'Kinatakutan', 38, '13.95427000', '122.47378000'),
(1080, 'Landing', 38, '14.02502000', '122.56468000'),
(1081, 'Laurel', 38, '13.94126600', '122.51147800'),
(1082, 'Magsaysay', 38, '13.96593000', '122.53228000'),
(1083, 'Maguibuay', 38, '13.98471100', '122.61722800'),
(1084, 'Mahinta', 38, '13.99800500', '122.50610900'),
(1085, 'Malbog', 38, '14.01472200', '122.39255000'),
(1086, 'Manato Central', 38, '13.99983900', '122.43229700'),
(1087, 'Manato Station', 38, '13.97376000', '122.40907000'),
(1088, 'Mangayao', 38, '13.96933100', '122.42733200'),
(1089, 'Mansilay', 38, '14.00004000', '122.59249000'),
(1090, 'Mapulot', 38, '14.03713000', '122.59940000'),
(1091, 'Munting Parang', 38, '13.96102500', '122.55140900'),
(1092, 'Payapa', 38, '13.96872000', '122.56253000'),
(1093, 'Poblacion', 38, '13.96630000', '122.53756000'),
(1094, 'Rizal', 38, '13.96029100', '122.54336500'),
(1095, 'Sabang', 38, '13.95485000', '122.52917000'),
(1096, 'San Diego', 38, '13.99247600', '122.47779500'),
(1097, 'San Francisco', 38, '13.99281100', '122.49849800'),
(1098, 'San Isidro', 38, '14.01486000', '122.46803000'),
(1099, 'San Roque', 38, '13.98727700', '122.44487600'),
(1100, 'San Vicente', 38, '14.00936000', '122.52528000'),
(1101, 'Santa Cecilia', 38, '13.96882400', '122.53401500'),
(1102, 'Santa Monica', 38, '14.03051000', '122.45181000'),
(1103, 'Santo Niño I', 38, '14.01747300', '122.46240000'),
(1104, 'Santo Niño II', 38, '14.02363600', '122.43193000'),
(1105, 'Santo Tomas', 38, '14.03409000', '122.53850000'),
(1106, 'Seguiwan', 38, '13.95967600', '122.43982500'),
(1107, 'Tabason', 38, '14.03855000', '122.51110000'),
(1108, 'Tunton', 38, '14.00370000', '122.60785000'),
(1109, 'Victoria', 38, '13.98234600', '122.40957500'),
(1110, 'Alitao', 39, '14.03564000', '121.57569000'),
(1111, 'Alsam Ibaba', 39, '14.02963800', '121.62986700'),
(1112, 'Alsam Ilaya', 39, '14.04431900', '121.63546800'),
(1113, 'Alupay', 39, '14.05266000', '121.61488000'),
(1114, 'Angeles Zone I', 39, '14.02745600', '121.59320400'),
(1115, 'Angeles Zone II', 39, '14.02766400', '121.59231700'),
(1116, 'Angeles Zone III', 39, '14.02866400', '121.59317400'),
(1117, 'Angeles Zone IV', 39, '14.02945600', '121.59451300'),
(1118, 'Angustias Zone I', 39, '14.03099900', '121.58849900'),
(1119, 'Angustias Zone II', 39, '14.03217700', '121.58955300'),
(1120, 'Angustias Zone III', 39, '14.03318600', '121.59038800'),
(1121, 'Angustias Zone IV', 39, '14.03251500', '121.58894000'),
(1122, 'Anos', 39, '13.99187000', '121.56814000'),
(1123, 'Ayaas', 39, '14.03364400', '121.61271200'),
(1124, 'Baguio', 39, '14.01553000', '121.58587000'),
(1125, 'Banilad', 39, '14.04496700', '121.60307600'),
(1126, 'Bukal Ibaba', 39, '14.01043300', '121.55705700'),
(1127, 'Bukal Ilaya', 39, '14.02017700', '121.54255200'),
(1128, 'Calantas', 39, '-14.01346000', '121.56329000'),
(1129, 'Calumpang', 39, '13.97713000', '121.55638000'),
(1130, 'Camaysa', 39, '14.04192000', '121.57831000'),
(1131, 'Dapdap', 39, '14.05358000', '121.56887000'),
(1132, 'Domoit Kanluran', 39, '13.98170100', '121.58347600'),
(1133, 'Domoit Silangan', 39, '13.97791100', '121.59227400'),
(1134, 'Gibanga', 39, '13.99233000', '121.54454000'),
(1135, 'Ibas', 39, '14.06295000', '121.57325000'),
(1136, 'Ilasan Ibaba', 39, '14.06407000', '121.63384000'),
(1137, 'Ilasan Ilaya', 39, '14.07693400', '121.62553500'),
(1138, 'Ipilan', 39, '-14.03490600', '121.56954200'),
(1139, 'Isabang', 39, '13.96393000', '121.56548000'),
(1140, 'Katigan Kanluran', 39, '14.04716800', '121.61906100'),
(1141, 'Katigan Silangan', 39, '14.06153100', '121.62077700'),
(1142, 'Lakawan', 39, '14.01269000', '121.61960000'),
(1143, 'Lalo', 39, '14.04085000', '121.57124200'),
(1144, 'Lawigue', 39, '14.03048300', '121.64806000'),
(1145, 'Lita', 39, '14.01888000', '121.59653000'),
(1146, 'Malaoa', 39, '14.00890000', '121.57612000'),
(1147, 'Masin', 39, '14.04771000', '121.63947000'),
(1148, 'Mate', 39, '14.00424000', '121.63578000'),
(1149, 'Mateuna', 39, '14.02121000', '121.60580000'),
(1150, 'Mayowe', 39, '13.96868000', '121.57526000'),
(1151, 'Nangka Ibaba', 39, '13.99121000', '121.60543000'),
(1152, 'Nangka Ilaya', 39, '14.01528000', '121.59634000'),
(1153, 'Opias', 39, '14.04649400', '121.58549000'),
(1154, 'Palale Ibaba', 39, '14.06354500', '121.70581200'),
(1155, 'Palale Ilaya', 39, '14.08581000', '121.65635000'),
(1156, 'Palale Kanluran', 39, '14.05187500', '121.65901600'),
(1157, 'Palale Silangan', 39, '14.09099800', '121.68939400'),
(1158, 'Pandakaki', 39, '13.99457200', '121.62513500'),
(1159, 'Pook', 39, '14.05169600', '121.59486800'),
(1160, 'Potol', 39, '13.99516000', '121.58080000'),
(1161, 'San Diego Zone I', 39, '14.02480000', '121.59230000'),
(1162, 'San Diego Zone II', 39, '14.02610000', '121.59330000'),
(1163, 'San Diego Zone III', 39, '14.02680000', '121.59390000'),
(1164, 'San Diego Zone IV', 39, '14.02710000', '121.59450000'),
(1165, 'San Isidro Zone I', 39, '14.02746500', '121.58736500'),
(1166, 'San Isidro Zone II', 39, '14.02808700', '121.58676500'),
(1167, 'San Isidro Zone III', 39, '14.02841700', '121.58784400'),
(1168, 'San Isidro Zone IV', 39, '14.02937100', '121.58729500'),
(1169, 'San Roque Zone I', 39, '14.02610000', '121.59140000'),
(1170, 'San Roque Zone II', 39, '14.02740000', '121.59290000'),
(1171, 'Talolong', 39, '14.07880400', '121.61347600'),
(1172, 'Tamlong', 39, '14.06994600', '121.60080400'),
(1173, 'Tongko', 39, '13.98760130', '121.60965048'),
(1174, 'Valencia', 39, '14.07995200', '121.64219900'),
(1175, 'Wakas', 39, '13.99787000', '121.60835000'),
(1176, 'Anastacia', 40, '13.96458000', '121.35275000'),
(1177, 'Aquino', 40, '13.96801000', '121.27735000'),
(1178, 'Ayusan I', 40, '13.94844000', '121.30447000'),
(1179, 'Ayusan II', 40, '13.94573000', '121.29434000'),
(1180, 'Barangay I', 40, '13.96195200', '121.31901700'),
(1181, 'Barangay II', 40, '13.96420100', '121.32132400'),
(1182, 'Barangay III', 40, '13.96052500', '121.32205400'),
(1183, 'Barangay IV', 40, '13.96287800', '121.32363100'),
(1184, 'Behia', 40, '13.89591000', '121.33365200'),
(1185, 'Bukal', 40, '13.93094000', '121.28889000'),
(1186, 'Bula', 40, '13.92561000', '121.30872000'),
(1187, 'Bulakin', 40, '13.98379000', '121.34470000'),
(1188, 'Cabatan', 40, '13.97201000', '121.37828000'),
(1189, 'Cabay', 40, '13.88295000', '121.37425000'),
(1190, 'Del Rosario', 40, '13.85350000', '121.39343000'),
(1191, 'Lagalag', 40, '13.94165000', '121.37017000'),
(1192, 'Lalig', 40, '13.97951000', '121.32520000'),
(1193, 'Lumingon', 40, '13.96458000', '121.34187000'),
(1194, 'Lusacan', 40, '13.95264000', '121.34397000'),
(1195, 'Paiisa', 40, '13.92999000', '121.35550000'),
(1196, 'Palagaran', 40, '13.94365000', '121.35005000'),
(1197, 'Quipot', 40, '13.95554000', '121.31979000'),
(1198, 'San Agustin', 40, '13.94398000', '121.31670000'),
(1199, 'San Francisco', 40, '13.89091800', '121.34796100'),
(1200, 'San Isidro', 40, '13.94088000', '121.33466000'),
(1201, 'San Jose', 40, '13.91857000', '121.33498000'),
(1202, 'San Juan', 40, '13.89933000', '121.35644000'),
(1203, 'San Pedro', 40, '13.97159000', '121.30033000'),
(1204, 'Tagbakin', 40, '13.91491000', '121.36425000'),
(1205, 'Talisay', 40, '13.94597900', '121.35918600'),
(1206, 'Tamisian', 40, '13.93846000', '121.30031000'),
(1207, 'Almacen', 41, '13.87001700', '121.99731900'),
(1208, 'Balagtas', 41, '13.85238000', '122.04488100'),
(1209, 'Balanacan', 41, '13.85268700', '121.99320800'),
(1210, 'Bonifacio', 41, '13.87933000', '122.02824000'),
(1211, 'Bulo Ibaba', 41, '13.86699700', '121.97848800'),
(1212, 'Bulo Ilaya', 41, '13.87872200', '121.95339700'),
(1213, 'Burgos', 41, '13.89578200', '121.95521100'),
(1214, 'Cabulihan Ibaba', 41, '13.81499400', '122.02296900'),
(1215, 'Cabulihan Ilaya', 41, '13.83612400', '122.01244600'),
(1216, 'Caigdal', 41, '13.83356000', '122.02804000'),
(1217, 'F. de Jesus', 41, '13.83779000', '121.97824000'),
(1218, 'General Luna', 41, '13.84571000', '122.01830000'),
(1219, 'Kalilayan Ibaba', 41, '13.84481000', '121.96959000'),
(1220, 'Kalilayan Ilaya', 41, '13.85687000', '121.95597000'),
(1221, 'Mabini', 41, '13.85446000', '122.03442000'),
(1222, 'Mairok Ibaba', 41, '13.89893300', '121.97711300'),
(1223, 'Mairok Ilaya', 41, '13.91145300', '121.95531300'),
(1224, 'Malvar', 41, '13.82996400', '121.98992300'),
(1225, 'Maputat', 41, '13.80619000', '122.01089900'),
(1226, 'Muliguin', 41, '13.83902700', '121.99482200'),
(1227, 'Pagaguasan', 41, '13.86130800', '121.97229400'),
(1228, 'Panaon Ibaba', 41, '13.87866000', '121.98107000'),
(1229, 'Panaon Ilaya', 41, '13.88688800', '121.97800900'),
(1230, 'Plaridel', 41, '13.86834400', '122.01282500'),
(1231, 'Poctol', 41, '13.88408000', '122.00377000'),
(1232, 'Punta', 41, '13.81216200', '121.98688000'),
(1233, 'R. Lapu-lapu', 41, '13.83708000', '121.98066300'),
(1234, 'R. Magsaysay', 41, '13.84089000', '121.97700000'),
(1235, 'Raja Soliman', 41, '13.84216000', '121.97687000'),
(1236, 'Rizal Ibaba', 41, '13.90350600', '122.00692100'),
(1237, 'Rizal Ilaya', 41, '13.90029800', '122.02215600'),
(1238, 'San Roque', 41, '13.81509800', '122.03604700'),
(1239, 'Socorro', 41, '13.90663500', '121.98918000'),
(1240, 'Tagumpay', 41, '13.83489500', '122.04795700'),
(1241, 'Tubas', 41, '13.84645800', '122.05618800'),
(1242, 'Tubigan', 41, '13.88925200', '121.99030900');

-- --------------------------------------------------------

--
-- Table structure for table `cities`
--

CREATE TABLE `cities` (
  `city_id` int(11) NOT NULL,
  `city_name` varchar(100) DEFAULT NULL,
  `province_id` int(11) DEFAULT NULL
) ENGINE=InnoDB DEFAULT CHARSET=utf8mb4 COLLATE=utf8mb4_general_ci;

--
-- Dumping data for table `cities`
--

INSERT INTO `cities` (`city_id`, `city_name`, `province_id`) VALUES
(1, 'Agdangan', 1),
(2, 'Alabat', 1),
(3, 'Atimonan', 1),
(4, 'Buenavista', 1),
(5, 'Burdeos', 1),
(6, 'Calauag', 1),
(7, 'Candelaria', 1),
(8, 'Catanauan', 1),
(9, 'Dolores', 1),
(10, 'General Luna', 1),
(11, 'General Nakar', 1),
(12, 'Guinayangan', 1),
(13, 'Gumaca', 1),
(14, 'Infanta', 1),
(15, 'Jomalig', 1),
(16, 'Lopez', 1),
(17, 'Lucban', 1),
(18, 'Lucena City', 1),
(19, 'Macalelon', 1),
(20, 'Mauban', 1),
(21, 'Mulanay', 1),
(22, 'Padre Burgos', 1),
(23, 'Pagbilao', 1),
(24, 'Panukulan', 1),
(25, 'Patnanungan', 1),
(26, 'Perez', 1),
(27, 'Pitogo', 1),
(28, 'Plaridel', 1),
(29, 'Polillo', 1),
(30, 'Quezon', 1),
(31, 'Real', 1),
(32, 'Sampaloc', 1),
(33, 'San Andres', 1),
(34, 'San Antonio', 1),
(35, 'San Francisco (Aurora)', 1),
(36, 'San Narciso', 1),
(37, 'Sariaya', 1),
(38, 'Tagkawayan', 1),
(39, 'Tayabas City', 1),
(40, 'Tiaong', 1),
(41, 'Unisan', 1);

-- --------------------------------------------------------

--
-- Table structure for table `customer`
--

CREATE TABLE `customer` (
  `customer_id` int(11) NOT NULL,
  `firstname` varchar(55) NOT NULL,
  `middlename` varchar(55) NOT NULL,
  `lastname` varchar(55) NOT NULL,
  `birthdate` date NOT NULL,
  `contact_no` varchar(12) NOT NULL,
  `email` varchar(155) NOT NULL,
  `password` varchar(155) NOT NULL,
  `date_created` datetime NOT NULL,
  `customer_code` varchar(7) NOT NULL,
  `profile_picture` varchar(255) DEFAULT NULL
) ENGINE=InnoDB DEFAULT CHARSET=utf8mb4 COLLATE=utf8mb4_general_ci;

--
-- Dumping data for table `customer`
--

INSERT INTO `customer` (`customer_id`, `firstname`, `middlename`, `lastname`, `birthdate`, `contact_no`, `email`, `password`, `date_created`, `customer_code`, `profile_picture`) VALUES
(17, 'Deriel', 'Edzel', 'Quisao', '2002-05-18', '09421234312', 'quisao123@gmail.com', '$2y$10$jrGka0lYAXsz9o3UaGUbIOblgQy.0fRW5x88qZErTuFZdWnZVV0G2', '2024-10-20 19:00:42', 'QUISDER', './uploads/MONTERA, JOHN MARLON V. - ETIQA.jpg'),
(18, 'Rafael', 'Yes', 'Clemente', '2001-05-12', '09469185823', 'clemente123@gmail.com', '$2y$10$GVnLGm4OBac7Q7cI1tHSQOdIo9T.QcyK/tAnloYo.8L9B4iy8ACaq', '2024-10-31 14:28:47', 'CLEMRAF', './uploads/binary to decimal conversion.png'),
(19, 'Rafraf', 'No', 'Clemente', '2002-05-22', '09469185823', 'clemente123@gmail.com', '$2y$10$lJglAZhyOHOJUZHX.noCkOJ38CcK6gckeyrlTqKk2KT4ttnn/KzTq', '2024-11-02 13:50:37', 'CLEMRAF', './uploads/cisco 2.png'),
(20, 'Mark', 'Edrian ', 'Gonzalgo', '2002-07-11', '0987546923', 'gonzalgo123@gmail.com', '$2y$10$aat5JK3nhlIJd4MSGhim3O6ebUhHdANFc3Zi4iGKasiBgmogdRm3i', '2024-11-03 19:36:20', 'GONZMAR', './uploads/loan history.png'),
(21, 'John Marlon', 'Villaruel', 'Montera', '2002-09-07', '09388135821', 'marlon123@gmail.com', '$2y$10$nzAscEKHV4650bQuGNPXve.mLdnkIMrNRHlbxTqsNa.9mWbj2IhKy', '2024-11-13 22:29:05', 'MONTJOH', './uploads/selfie.png');

-- --------------------------------------------------------

--
-- Table structure for table `customer_address`
--

CREATE TABLE `customer_address` (
  `address_id` int(11) NOT NULL,
  `customer_id` int(11) NOT NULL,
  `province` varchar(155) NOT NULL,
  `city` varchar(155) NOT NULL,
  `barangay` varchar(155) NOT NULL,
  `latitude` decimal(10,8) NOT NULL,
  `longitude` decimal(11,8) NOT NULL
) ENGINE=InnoDB DEFAULT CHARSET=utf8mb4 COLLATE=utf8mb4_general_ci;

--
-- Dumping data for table `customer_address`
--

INSERT INTO `customer_address` (`address_id`, `customer_id`, `province`, `city`, `barangay`, `latitude`, `longitude`) VALUES
(21, 17, '1', '18', '637', '13.93498354', '121.59498436'),
(22, 18, '1', '18', '634', '13.96376350', '121.59689426'),
(23, 19, '1', '13', '407', '13.86608032', '122.07012177'),
(24, 20, '1', '18', '637', '13.93156802', '121.60629272'),
(25, 21, '1', '18', '640', '13.94314725', '121.60077810');

-- --------------------------------------------------------

--
-- Table structure for table `loan_payments`
--

CREATE TABLE `loan_payments` (
  `payment_id` int(11) NOT NULL,
  `apply_loan_id` int(11) DEFAULT NULL,
  `payment_number` int(11) DEFAULT NULL,
  `due_date` date DEFAULT NULL,
  `payment_amount` decimal(10,2) DEFAULT NULL,
  `paid_amount` decimal(10,2) DEFAULT 0.00,
  `payment_date` date DEFAULT NULL,
  `is_overdue` ENUM('Due', 'Paid', 'Overdue') DEFAULT 'Due',
  `penalty_charge` decimal(10,2) DEFAULT 0.00,
  `added_from_employee_page` tinyint(1) DEFAULT 0
) ENGINE=InnoDB DEFAULT CHARSET=utf8 COLLATE=utf8_general_ci;


-- --------------------------------------------------------

--
-- Table structure for table `loan_payments_archive`
--

CREATE TABLE `loan_payments_archive` (
  `payment_id` int(11) NOT NULL,
  `apply_loan_id` int(11) DEFAULT NULL,
  `payment_number` int(11) DEFAULT NULL,
  `due_date` date DEFAULT NULL,
  `payment_amount` decimal(10,2) DEFAULT NULL,
  `paid_amount` decimal(10,2) DEFAULT 0.00,
  `payment_date` date DEFAULT NULL,
  `is_overdue` tinyint(1) DEFAULT 0,
  `penalty_charge` decimal(10,2) DEFAULT 0.00,
  `added_from_employee_page` tinyint(1) DEFAULT 0
) ENGINE=InnoDB DEFAULT CHARSET=utf8 COLLATE=utf8_general_ci;

-- --------------------------------------------------------

--
-- Table structure for table `loan_plan`
--

CREATE TABLE `loan_plan` (
  `lplan_id` int(11) NOT NULL,
  `lplan_month` int(11) NOT NULL,
  `lplan_interest` float NOT NULL,
  `lplan_penalty` int(11) NOT NULL
) ENGINE=InnoDB DEFAULT CHARSET=utf8mb4 COLLATE=utf8mb4_general_ci;

--
-- Dumping data for table `loan_plan`
--

INSERT INTO `loan_plan` (`lplan_id`, `lplan_month`, `lplan_interest`, `lplan_penalty`) VALUES
(2, 12, 10, 1),
(3, 18, 5, 1),
(5, 20, 8, 2),
(6, 24, 10, 1);

-- --------------------------------------------------------

--
-- Table structure for table `provinces`
--

CREATE TABLE `provinces` (
  `province_id` int(11) NOT NULL,
  `province_name` varchar(100) NOT NULL
) ENGINE=InnoDB DEFAULT CHARSET=utf8mb4 COLLATE=utf8mb4_general_ci;

--
-- Dumping data for table `provinces`
--

INSERT INTO `provinces` (`province_id`, `province_name`) VALUES
(1, 'Quezon');

-- --------------------------------------------------------

--
-- Table structure for table `user`
--

CREATE TABLE `user` (
  `user_id` int(11) NOT NULL,
  `name` varchar(100) DEFAULT NULL,
  `email` varchar(100) NOT NULL,
  `password` varchar(100) NOT NULL,
  `contact_no` varchar(15) NOT NULL,
  `user_type` varchar(50) NOT NULL
) ENGINE=InnoDB DEFAULT CHARSET=utf8mb4 COLLATE=utf8mb4_general_ci;

--
-- Dumping data for table `user`
--

INSERT INTO `user` (`user_id`, `name`, `email`, `password`, `contact_no`, `user_type`) VALUES
(13, 'John Marlon', 'marlonj@gmail.com', '$2y$10$nJ/sX7wGvsgVjWSHDh2xgun4TuRDWQEPbxf6SNMGQ4QyjNmxfWwoy', '09317483243', 'employee'),
(15, 'Deriel Edzel ', 'quisao123@gmail.com', '$2y$10$rkPnTOdU0cATDHbR7Bqch.ueYem7TyA7MaorGB7YOw40Ve61TGkzS', '09876427451', 'employee'),
(16, 'admin', 'admin@gmail.com', '$2y$10$lErUFFrA6n4W4pSP13IZJ.PQJpzwxBzFEVpYnnBMuLmZhxk/jY7lS', '09876543422', 'admin');

-- --------------------------------------------------------

--
-- Table structure for table `users`
--

CREATE TABLE `users` (
  `id` int(11) NOT NULL,
  `first_name` varchar(50) NOT NULL,
  `last_name` varchar(50) NOT NULL,
  `email` varchar(100) NOT NULL,
  `phone` varchar(20) DEFAULT NULL,
  `created_at` timestamp NOT NULL DEFAULT current_timestamp()
) ENGINE=InnoDB DEFAULT CHARSET=utf8mb4 COLLATE=utf8mb4_general_ci;

--
-- Dumping data for table `users`
--

INSERT INTO `users` (`id`, `first_name`, `last_name`, `email`, `phone`, `created_at`) VALUES
(1, 'John Marlon', 'Montera', 'marlon456@gmail.com', '09469185823', '2024-11-04 00:43:33'),
(2, 'John Marlon', 'Montera', 'marlon456@gmail.com', '09469185823', '2024-11-04 00:47:42'),
(3, 'Theo', 'Giron', 'giron123@gmail.com', '94813423112', '2024-11-04 00:54:31'),
(4, 'Theo', 'Giron', 'giron123@gmail.com', '94813423112', '2024-11-04 00:56:51'),
(5, 'John Marlon', 'Montera', 'marlon456@gmail.com', '09469185823', '2024-11-04 01:03:44'),
(6, 'Theo', 'Giron', 'giron123@gmail.com', '94813423112', '2024-11-04 01:06:19');

--
-- Indexes for dumped tables
--

--
-- Indexes for table `apply_loan`
--
ALTER TABLE `apply_loan`
  ADD PRIMARY KEY (`apply_loan_id`);

--
-- Indexes for table `apply_loan_archive`
--
ALTER TABLE `apply_loan_archive`
  ADD PRIMARY KEY (`apply_loan_id`);

--
-- Indexes for table `barangays`
--
ALTER TABLE `barangays`
  ADD PRIMARY KEY (`barangay_id`),
  ADD KEY `city_id` (`city_id`);

--
-- Indexes for table `cities`
--
ALTER TABLE `cities`
  ADD PRIMARY KEY (`city_id`),
  ADD KEY `province_id` (`province_id`);

--
-- Indexes for table `customer`
--
ALTER TABLE `customer`
  ADD PRIMARY KEY (`customer_id`);

--
-- Indexes for table `customer_address`
--
ALTER TABLE `customer_address`
  ADD PRIMARY KEY (`address_id`),
  ADD KEY `customer_id` (`customer_id`);

--
-- Indexes for table `loan_payments`
--
ALTER TABLE `loan_payments`
  ADD PRIMARY KEY (`payment_id`),
  ADD KEY `apply_loan_id` (`apply_loan_id`);

--
-- Indexes for table `loan_payments_archive`
--
ALTER TABLE `loan_payments_archive`
  ADD PRIMARY KEY (`payment_id`),
  ADD KEY `apply_loan_id` (`apply_loan_id`);

--
-- Indexes for table `loan_plan`
--
ALTER TABLE `loan_plan`
  ADD PRIMARY KEY (`lplan_id`);

--
-- Indexes for table `provinces`
--
ALTER TABLE `provinces`
  ADD PRIMARY KEY (`province_id`);

--
-- Indexes for table `user`
--
ALTER TABLE `user`
  ADD PRIMARY KEY (`user_id`);

--
-- Indexes for table `users`
--
ALTER TABLE `users`
  ADD PRIMARY KEY (`id`);

--
-- AUTO_INCREMENT for dumped tables
--

--
-- AUTO_INCREMENT for table `apply_loan`
--
ALTER TABLE `apply_loan`
  MODIFY `apply_loan_id` int(11) NOT NULL AUTO_INCREMENT, AUTO_INCREMENT=19;

--
-- AUTO_INCREMENT for table `barangays`
--
ALTER TABLE `barangays`
  MODIFY `barangay_id` int(11) NOT NULL AUTO_INCREMENT, AUTO_INCREMENT=1243;

--
-- AUTO_INCREMENT for table `cities`
--
ALTER TABLE `cities`
  MODIFY `city_id` int(11) NOT NULL AUTO_INCREMENT, AUTO_INCREMENT=42;

--
-- AUTO_INCREMENT for table `customer`
--
ALTER TABLE `customer`
  MODIFY `customer_id` int(11) NOT NULL AUTO_INCREMENT, AUTO_INCREMENT=22;

--
-- AUTO_INCREMENT for table `customer_address`
--
ALTER TABLE `customer_address`
  MODIFY `address_id` int(11) NOT NULL AUTO_INCREMENT, AUTO_INCREMENT=26;

--
-- AUTO_INCREMENT for table `loan_payments`
--
ALTER TABLE `loan_payments`
  MODIFY `payment_id` int(11) NOT NULL AUTO_INCREMENT, AUTO_INCREMENT=25;

--
-- AUTO_INCREMENT for table `loan_payments_archive`
--
ALTER TABLE `loan_payments_archive`
  MODIFY `payment_id` int(11) NOT NULL AUTO_INCREMENT;

--
-- AUTO_INCREMENT for table `loan_plan`
--
ALTER TABLE `loan_plan`
  MODIFY `lplan_id` int(11) NOT NULL AUTO_INCREMENT, AUTO_INCREMENT=12;

--
-- AUTO_INCREMENT for table `provinces`
--
ALTER TABLE `provinces`
  MODIFY `province_id` int(11) NOT NULL AUTO_INCREMENT, AUTO_INCREMENT=2;

--
-- AUTO_INCREMENT for table `user`
--
ALTER TABLE `user`
  MODIFY `user_id` int(11) NOT NULL AUTO_INCREMENT, AUTO_INCREMENT=17;

--
-- AUTO_INCREMENT for table `users`
--
ALTER TABLE `users`
  MODIFY `id` int(11) NOT NULL AUTO_INCREMENT, AUTO_INCREMENT=7;

--
-- Constraints for dumped tables
--

--
-- Constraints for table `barangays`
--
ALTER TABLE `barangays`
  ADD CONSTRAINT `barangays_ibfk_1` FOREIGN KEY (`city_id`) REFERENCES `cities` (`city_id`);

--
-- Constraints for table `cities`
--
ALTER TABLE `cities`
  ADD CONSTRAINT `cities_ibfk_1` FOREIGN KEY (`province_id`) REFERENCES `provinces` (`province_id`);

--
-- Constraints for table `customer_address`
--
ALTER TABLE `customer_address`
  ADD CONSTRAINT `customer_address_ibfk_1` FOREIGN KEY (`customer_id`) REFERENCES `customer` (`customer_id`) ON DELETE CASCADE;

--
-- Constraints for table `loan_payments`
--
ALTER TABLE `loan_payments`
  ADD CONSTRAINT `payment_details_ibfk_1` FOREIGN KEY (`apply_loan_id`) REFERENCES `apply_loan` (`apply_loan_id`);

--
-- Constraints for table `loan_payments_archive`
--
ALTER TABLE `loan_payments_archive`
  ADD CONSTRAINT `loan_payments_archive_ibfk_1` FOREIGN KEY (`apply_loan_id`) REFERENCES `apply_loan` (`apply_loan_id`);
COMMIT;

/*!40101 SET CHARACTER_SET_CLIENT=@OLD_CHARACTER_SET_CLIENT */;
/*!40101 SET CHARACTER_SET_RESULTS=@OLD_CHARACTER_SET_RESULTS */;
/*!40101 SET COLLATION_CONNECTION=@OLD_COLLATION_CONNECTION */;
